-- phpMyAdmin SQL Dump
-- version 5.2.0
-- https://www.phpmyadmin.net/
--
-- Host: 127.0.0.1
-- Generation Time: May 19, 2023 at 12:48 PM
-- Server version: 10.4.27-MariaDB
-- PHP Version: 8.2.0

SET SQL_MODE = "NO_AUTO_VALUE_ON_ZERO";
START TRANSACTION;
SET time_zone = "+00:00";


/*!40101 SET @OLD_CHARACTER_SET_CLIENT=@@CHARACTER_SET_CLIENT */;
/*!40101 SET @OLD_CHARACTER_SET_RESULTS=@@CHARACTER_SET_RESULTS */;
/*!40101 SET @OLD_COLLATION_CONNECTION=@@COLLATION_CONNECTION */;
/*!40101 SET NAMES utf8mb4 */;

--
-- Database: `coffeecoopms`
--

-- --------------------------------------------------------

--
-- Table structure for table `cells`
--

CREATE TABLE `cells` (
  `id` bigint(20) UNSIGNED NOT NULL,
  `codecell` int(11) NOT NULL,
  `nameCell` varchar(225) NOT NULL,
  `sectorcode` bigint(20) UNSIGNED NOT NULL,
  `created_at` timestamp NULL DEFAULT NULL,
  `updated_at` timestamp NULL DEFAULT NULL
) ENGINE=InnoDB DEFAULT CHARSET=utf8mb4 COLLATE=utf8mb4_unicode_ci;

--
-- Dumping data for table `cells`
--

INSERT INTO `cells` (`id`, `codecell`, `nameCell`, `sectorcode`, `created_at`, `updated_at`) VALUES
(2, 1010101, 'Akabahizi', 10101, NULL, NULL),
(3, 1010102, 'Akabeza', 10101, NULL, NULL),
(4, 1010103, 'Gacyamo', 10101, NULL, NULL),
(5, 1010104, 'Kigarama', 10101, NULL, NULL),
(6, 1010105, 'Kinyange', 10101, NULL, NULL),
(7, 1010106, 'Kora', 10101, NULL, NULL),
(9, 1010201, 'Nyamweru', 10102, NULL, NULL),
(10, 1010202, 'Nzove', 10102, NULL, NULL),
(11, 1010203, 'Taba', 10102, NULL, NULL),
(13, 1010301, 'Kigali', 10103, NULL, NULL),
(14, 1010302, 'Mwendo', 10103, NULL, NULL),
(15, 1010303, 'Nyabugogo', 10103, NULL, NULL),
(16, 1010304, 'Ruriba', 10103, NULL, NULL),
(17, 1010305, 'Rwesero', 10103, NULL, NULL),
(19, 1010401, 'Kamuhoza', 10104, NULL, NULL),
(20, 1010402, 'Katabaro', 10104, NULL, NULL),
(21, 1010403, 'Kimisagara', 10104, NULL, NULL),
(23, 1010501, 'Kankuba', 10105, NULL, NULL),
(24, 1010502, 'Kavumu', 10105, NULL, NULL),
(25, 1010503, 'Mataba', 10105, NULL, NULL),
(26, 1010504, 'Ntungamo', 10105, NULL, NULL),
(27, 1010505, 'Nyarufunzo', 10105, NULL, NULL),
(28, 1010506, 'Nyarurenzi', 10105, NULL, NULL),
(29, 1010507, 'Runzenze', 10105, NULL, NULL),
(31, 1010601, 'Amahoro', 10106, NULL, NULL),
(32, 1010602, 'Kabasengerezi', 10106, NULL, NULL),
(33, 1010603, 'Kabeza', 10106, NULL, NULL),
(34, 1010604, 'Nyabugogo', 10106, NULL, NULL),
(35, 1010605, 'Rugenge', 10106, NULL, NULL),
(36, 1010606, 'Tetero', 10106, NULL, NULL),
(37, 1010607, 'Ubumwe', 10106, NULL, NULL),
(39, 1010701, 'Munanira I', 10107, NULL, NULL),
(40, 1010702, 'Munanira Ii', 10107, NULL, NULL),
(41, 1010703, 'Nyakabanda I', 10107, NULL, NULL),
(42, 1010704, 'Nyakabanda Ii', 10107, NULL, NULL),
(44, 1010801, 'Cyivugiza', 10108, NULL, NULL),
(45, 1010802, 'Gasharu ', 10108, NULL, NULL),
(46, 1010803, 'Mumena', 10108, NULL, NULL),
(47, 1010804, 'Rugarama', 10108, NULL, NULL),
(49, 1010901, 'Agatare', 10109, NULL, NULL),
(50, 1010902, 'Biryogo', 10109, NULL, NULL),
(51, 1010903, 'Kiyovu', 10109, NULL, NULL),
(52, 1010904, 'Rwampara', 10109, NULL, NULL),
(54, 1011001, 'Kabuguru I', 10110, NULL, NULL),
(55, 1011002, 'Kabuguru Ii', 10110, NULL, NULL),
(56, 1011003, 'Rwezamenyo I', 10110, NULL, NULL),
(57, 1011004, 'Rwezamenyo Ii', 10110, NULL, NULL),
(59, 1020101, 'Kinyaga', 10201, NULL, NULL),
(60, 1020102, 'Musave', 10201, NULL, NULL),
(61, 1020103, 'Mvuzo', 10201, NULL, NULL),
(62, 1020104, 'Ngara', 10201, NULL, NULL),
(63, 1020105, 'Nkuzuzu', 10201, NULL, NULL),
(64, 1020106, 'Nyabikenke', 10201, NULL, NULL),
(65, 1020107, 'Nyagasozi', 10201, NULL, NULL),
(67, 1020201, 'Karuruma', 10202, NULL, NULL),
(68, 1020202, 'Nyamabuye ', 10202, NULL, NULL),
(69, 1020203, 'Nyamugari', 10202, NULL, NULL),
(71, 1020301, 'Gasagara', 10203, NULL, NULL),
(72, 1020302, 'Gicaca', 10203, NULL, NULL),
(73, 1020303, 'Kibara', 10203, NULL, NULL),
(74, 1020304, 'Munini ', 10203, NULL, NULL),
(75, 1020305, 'Murambi', 10203, NULL, NULL),
(77, 1020401, 'Musezero ', 10204, NULL, NULL),
(78, 1020402, 'Ruhango', 10204, NULL, NULL),
(80, 1020501, 'Akamatamu', 10205, NULL, NULL),
(81, 1020502, 'Bweramvura', 10205, NULL, NULL),
(82, 1020503, 'Kabuye', 10205, NULL, NULL),
(83, 1020504, 'Kidashya', 10205, NULL, NULL),
(84, 1020505, 'Ngiryi', 10205, NULL, NULL),
(86, 1020601, 'Agateko', 10206, NULL, NULL),
(87, 1020602, 'Buhiza ', 10206, NULL, NULL),
(88, 1020603, 'Muko', 10206, NULL, NULL),
(89, 1020604, 'Nkusi', 10206, NULL, NULL),
(90, 1020605, 'Nyabuliba', 10206, NULL, NULL),
(91, 1020606, 'Nyakabungo', 10206, NULL, NULL),
(92, 1020607, 'Nyamitanga', 10206, NULL, NULL),
(94, 1020701, 'Kamatamu ', 10207, NULL, NULL),
(95, 1020702, 'Kamutwa', 10207, NULL, NULL),
(96, 1020703, 'Kibaza', 10207, NULL, NULL),
(98, 1020801, 'Kamukina', 10208, NULL, NULL),
(99, 1020802, 'Kimihurura', 10208, NULL, NULL),
(100, 1020803, 'Rugando', 10208, NULL, NULL),
(102, 1020901, 'Bibare', 10209, NULL, NULL),
(103, 1020902, 'Kibagabaga', 10209, NULL, NULL),
(104, 1020903, 'Nyagatovu ', 10209, NULL, NULL),
(106, 1021001, 'Gacuriro', 10210, NULL, NULL),
(107, 1021002, 'Gasharu', 10210, NULL, NULL),
(108, 1021003, 'Kagugu', 10210, NULL, NULL),
(109, 1021004, 'Murama', 10210, NULL, NULL),
(111, 1021101, 'Bwiza ', 10211, NULL, NULL),
(112, 1021102, 'Cyaruzinge', 10211, NULL, NULL),
(113, 1021103, 'Kibenga', 10211, NULL, NULL),
(114, 1021104, 'Masoro', 10211, NULL, NULL),
(115, 1021105, 'Mukuyu', 10211, NULL, NULL),
(116, 1021106, 'Rudashya', 10211, NULL, NULL),
(118, 1021201, 'Butare', 10212, NULL, NULL),
(119, 1021202, 'Gasanze', 10212, NULL, NULL),
(120, 1021203, 'Gasura', 10212, NULL, NULL),
(121, 1021204, 'Gatunga', 10212, NULL, NULL),
(122, 1021205, 'Muremure', 10212, NULL, NULL),
(123, 1021206, 'Sha', 10212, NULL, NULL),
(124, 1021207, 'Shango', 10212, NULL, NULL),
(126, 1021301, 'Nyabisindu', 10213, NULL, NULL),
(127, 1021302, 'Nyarutarama', 10213, NULL, NULL),
(128, 1021303, 'Rukiri I', 10213, NULL, NULL),
(129, 1021304, 'Rukiri Ii', 10213, NULL, NULL),
(131, 1021401, 'Bisenga', 10214, NULL, NULL),
(132, 1021402, 'Gasagara', 10214, NULL, NULL),
(133, 1021403, 'Kabuga I', 10214, NULL, NULL),
(134, 1021404, 'Kabuga Ii', 10214, NULL, NULL),
(135, 1021405, 'Kinyana', 10214, NULL, NULL),
(136, 1021406, 'Mbandazi', 10214, NULL, NULL),
(137, 1021407, 'Nyagahinga', 10214, NULL, NULL),
(138, 1021408, 'Ruhanga', 10214, NULL, NULL),
(140, 1021501, 'Gasabo', 10215, NULL, NULL),
(141, 1021502, 'Indatemwa', 10215, NULL, NULL),
(142, 1021503, 'Kabaliza', 10215, NULL, NULL),
(143, 1021504, 'Kacyatwa', 10215, NULL, NULL),
(144, 1021505, 'Kibenga', 10215, NULL, NULL),
(145, 1021506, 'Kigabiro', 10215, NULL, NULL),
(147, 1030101, 'Gahanga', 10301, NULL, NULL),
(148, 1030102, 'Kagasa', 10301, NULL, NULL),
(149, 1030103, 'Karembure', 10301, NULL, NULL),
(150, 1030104, 'Murinja', 10301, NULL, NULL),
(151, 1030105, 'Nunga', 10301, NULL, NULL),
(152, 1030106, 'Rwabutenge', 10301, NULL, NULL),
(154, 1030201, 'Gatenga', 10302, NULL, NULL),
(155, 1030202, 'Karambo', 10302, NULL, NULL),
(156, 1030203, 'Nyanza', 10302, NULL, NULL),
(157, 1030204, 'Nyarurama', 10302, NULL, NULL),
(159, 1030301, 'Kagunga', 10303, NULL, NULL),
(160, 1030302, 'Kanserege', 10303, NULL, NULL),
(161, 1030303, 'Kinunga', 10303, NULL, NULL),
(163, 1030401, 'Kanserege', 10304, NULL, NULL),
(164, 1030402, 'Muyange', 10304, NULL, NULL),
(165, 1030403, 'Rukatsa', 10304, NULL, NULL),
(167, 1030501, 'Busanza ', 10305, NULL, NULL),
(168, 1030502, 'Kabeza', 10305, NULL, NULL),
(169, 1030503, 'Karama', 10305, NULL, NULL),
(170, 1030504, 'Rubirizi', 10305, NULL, NULL),
(172, 1030601, 'Gasharu', 10306, NULL, NULL),
(173, 1030602, 'Kagina', 10306, NULL, NULL),
(174, 1030603, 'Kicukiro', 10306, NULL, NULL),
(175, 1030604, 'Ngoma', 10306, NULL, NULL),
(176, 1030701, 'Bwerankori', 10307, NULL, NULL),
(177, 1030702, 'Karugira', 10307, NULL, NULL),
(178, 1030703, 'Kigarama', 10307, NULL, NULL),
(179, 1030704, 'Nyarurama', 10307, NULL, NULL),
(180, 1030705, 'Rwampara', 10307, NULL, NULL),
(182, 1030801, 'Ayabaraya', 10308, NULL, NULL),
(183, 1030802, 'Cyimo', 10308, NULL, NULL),
(184, 1030803, 'Gako', 10308, NULL, NULL),
(185, 1030804, 'Gitaraga', 10308, NULL, NULL),
(186, 1030805, 'Mbabe', 10308, NULL, NULL),
(187, 1030806, 'Rusheshe', 10308, NULL, NULL),
(189, 1030901, 'Gatare', 10309, NULL, NULL),
(190, 1030902, 'Niboye', 10309, NULL, NULL),
(191, 1030903, 'Nyakabanda', 10309, NULL, NULL),
(193, 1031001, 'Kamashashi ', 10310, NULL, NULL),
(194, 1031002, 'Nonko', 10310, NULL, NULL),
(195, 1031003, 'Rwimbogo', 10310, NULL, NULL),
(197, 2010101, 'Gahondo', 20101, NULL, NULL),
(198, 2010102, 'Kavumu', 20101, NULL, NULL),
(199, 2010103, 'Kibinja', 20101, NULL, NULL),
(200, 2010104, 'Nyanza', 20101, NULL, NULL),
(201, 2010105, 'Rwesero', 20101, NULL, NULL),
(203, 2010201, 'Gitovu', 20102, NULL, NULL),
(204, 2010202, 'Kimirama', 20102, NULL, NULL),
(205, 2010203, 'Masangano', 20102, NULL, NULL),
(206, 2010204, 'Munyinya', 20102, NULL, NULL),
(207, 2010205, 'Rukingiro', 20102, NULL, NULL),
(208, 2010206, 'Shyira', 20102, NULL, NULL),
(210, 2010301, 'Kadaho', 20103, NULL, NULL),
(211, 2010302, 'Karama', 20103, NULL, NULL),
(212, 2010303, 'Nyabinyenga', 20103, NULL, NULL),
(213, 2010304, 'Nyarurama', 20103, NULL, NULL),
(214, 2010305, 'Rubona', 20103, NULL, NULL),
(216, 2010401, 'Cyeru', 20104, NULL, NULL),
(217, 2010402, 'Mbuye', 20104, NULL, NULL),
(218, 2010403, 'Mututu', 20104, NULL, NULL),
(219, 2010404, 'Rwotso', 20104, NULL, NULL),
(221, 2010501, 'Butansinda', 20105, NULL, NULL),
(222, 2010502, 'Butara', 20105, NULL, NULL),
(223, 2010503, 'Gahombo', 20105, NULL, NULL),
(224, 2010504, 'Gasoro', 20105, NULL, NULL),
(225, 2010505, 'Mulinja', 20105, NULL, NULL),
(227, 2010601, 'Cyerezo', 20106, NULL, NULL),
(228, 2010602, 'Gatagara', 20106, NULL, NULL),
(229, 2010603, 'Kiruli', 20106, NULL, NULL),
(230, 2010604, 'Mpanga', 20106, NULL, NULL),
(231, 2010605, 'Ngwa', 20106, NULL, NULL),
(232, 2010606, 'Nkomero', 20106, NULL, NULL),
(234, 2010701, 'Gati', 20107, NULL, NULL),
(235, 2010702, 'Migina', 20107, NULL, NULL),
(236, 2010703, 'Nyamiyaga', 20107, NULL, NULL),
(237, 2010704, 'Nyamure', 20107, NULL, NULL),
(238, 2010705, 'Nyundo', 20107, NULL, NULL),
(240, 2010801, 'Bugali', 20108, NULL, NULL),
(241, 2010802, 'Cyotamakara', 20108, NULL, NULL),
(242, 2010803, 'Kagunga', 20108, NULL, NULL),
(243, 2010804, 'Katarara', 20108, NULL, NULL),
(245, 2010901, 'Gahunga', 20109, NULL, NULL),
(246, 2010902, 'Kabirizi', 20109, NULL, NULL),
(247, 2010903, 'Kabuga', 20109, NULL, NULL),
(248, 2010904, 'Kirambi', 20109, NULL, NULL),
(249, 2010905, 'Rurangazi', 20109, NULL, NULL),
(251, 2011001, 'Gacu', 20110, NULL, NULL),
(252, 2011002, 'Gishike', 20110, NULL, NULL),
(253, 2011003, 'Mubuga', 20110, NULL, NULL),
(254, 2011004, 'Mushirarungu', 20110, NULL, NULL),
(255, 2011005, 'Nyarusange', 20110, NULL, NULL),
(256, 2011006, 'Runga', 20110, NULL, NULL),
(258, 2020101, 'Cyiri', 20201, NULL, NULL),
(259, 2020102, 'Gasagara', 20201, NULL, NULL),
(260, 2020103, 'Gikonko', 20201, NULL, NULL),
(261, 2020104, 'Mbogo', 20201, NULL, NULL),
(263, 2020201, 'Gabiro', 20202, NULL, NULL),
(264, 2020202, 'Nyabitare', 20202, NULL, NULL),
(265, 2020203, 'Nyakibungo', 20202, NULL, NULL),
(266, 2020204, 'Nyeranzi', 20202, NULL, NULL),
(268, 2020301, 'Akaboti', 20203, NULL, NULL),
(269, 2020302, 'Bwiza', 20203, NULL, NULL),
(270, 2020303, 'Sabusaro', 20203, NULL, NULL),
(271, 2020304, 'Umunini', 20203, NULL, NULL),
(273, 2020401, 'Duwani', 20204, NULL, NULL),
(274, 2020402, 'Kibirizi', 20204, NULL, NULL),
(275, 2020403, 'Muyira', 20204, NULL, NULL),
(276, 2020404, 'Ruturo', 20204, NULL, NULL),
(278, 2020501, 'Agahabwa', 20205, NULL, NULL),
(279, 2020502, 'Gatovu', 20205, NULL, NULL),
(280, 2020503, 'Impinga', 20205, NULL, NULL),
(281, 2020504, 'Nyabikenke', 20205, NULL, NULL),
(282, 2020505, 'Rubona', 20205, NULL, NULL),
(283, 2020506, 'Rusagara', 20205, NULL, NULL),
(285, 2020601, 'Gakoma', 20206, NULL, NULL),
(286, 2020602, 'Kabumbwe', 20206, NULL, NULL),
(287, 2020603, 'Mamba', 20206, NULL, NULL),
(288, 2020604, 'Muyaga', 20206, NULL, NULL),
(289, 2020605, 'Ramba', 20206, NULL, NULL),
(291, 2020701, 'Cyumba', 20207, NULL, NULL),
(292, 2020702, 'Muganza', 20207, NULL, NULL),
(293, 2020703, 'Remera', 20207, NULL, NULL),
(294, 2020704, 'Rwamiko', 20207, NULL, NULL),
(295, 2020705, 'Saga', 20207, NULL, NULL),
(297, 2020801, 'Baziro', 20208, NULL, NULL),
(298, 2020802, 'Kibayi', 20208, NULL, NULL),
(299, 2020803, 'Kibu', 20208, NULL, NULL),
(300, 2020804, 'Mugombwa', 20208, NULL, NULL),
(301, 2020805, 'Mukomacara', 20208, NULL, NULL),
(303, 2020901, 'Gitega', 20209, NULL, NULL),
(304, 2020902, 'Mukiza', 20209, NULL, NULL),
(305, 2020903, 'Nyabisagara', 20209, NULL, NULL),
(306, 2020904, 'Runyinya', 20209, NULL, NULL),
(308, 2021001, 'Bukinanyana', 20210, NULL, NULL),
(309, 2021002, 'Gatovu', 20210, NULL, NULL),
(310, 2021003, 'Kigarama', 20210, NULL, NULL),
(311, 2021004, 'Kimana', 20210, NULL, NULL),
(313, 2021101, 'Bweya', 20211, NULL, NULL),
(314, 2021102, 'Cyamukuza', 20211, NULL, NULL),
(315, 2021103, 'Dahwe', 20211, NULL, NULL),
(316, 2021104, 'Gisagara', 20211, NULL, NULL),
(317, 2021105, 'Mukande', 20211, NULL, NULL),
(319, 2021201, 'Higiro', 20212, NULL, NULL),
(320, 2021202, 'Nyamugari', 20212, NULL, NULL),
(321, 2021203, 'Nyaruteja', 20212, NULL, NULL),
(322, 2021204, 'Umubanga', 20212, NULL, NULL),
(324, 2021301, 'Gatoki', 20213, NULL, NULL),
(325, 2021302, 'Munazi', 20213, NULL, NULL),
(326, 2021303, 'Rwanza', 20213, NULL, NULL),
(327, 2021304, 'Shyanda', 20213, NULL, NULL),
(328, 2021305, 'Zivu', 20213, NULL, NULL),
(330, 2030101, 'Kirarangombe', 20301, NULL, NULL),
(331, 2030102, 'Nkanda', 20301, NULL, NULL),
(332, 2030103, 'Nteko', 20301, NULL, NULL),
(333, 2030104, 'Runyombyi', 20301, NULL, NULL),
(334, 2030105, 'Shororo', 20301, NULL, NULL),
(336, 2030201, 'Coko', 20302, NULL, NULL),
(337, 2030202, 'Cyahinda', 20302, NULL, NULL),
(338, 2030203, 'Gasasa', 20302, NULL, NULL),
(339, 2030204, 'Muhambara', 20302, NULL, NULL),
(340, 2030205, 'Rutobwe', 20302, NULL, NULL),
(342, 2030301, 'Gakoma', 20303, NULL, NULL),
(343, 2030302, 'Kibeho', 20303, NULL, NULL),
(344, 2030303, 'Mbasa', 20303, NULL, NULL),
(345, 2030304, 'Mpanda', 20303, NULL, NULL),
(346, 2030305, 'Mubuga', 20303, NULL, NULL),
(347, 2030306, 'Nyange', 20303, NULL, NULL),
(349, 2030401, 'Cyanyirankora', 20304, NULL, NULL),
(350, 2030402, 'Gahurizo', 20304, NULL, NULL),
(351, 2030403, 'Kimina', 20304, NULL, NULL),
(352, 2030404, 'Kivu', 20304, NULL, NULL),
(353, 2030405, 'Rugerero', 20304, NULL, NULL),
(355, 2030501, 'Gorwe', 20305, NULL, NULL),
(356, 2030502, 'Murambi', 20305, NULL, NULL),
(357, 2030503, 'Nyamabuye', 20305, NULL, NULL),
(358, 2030504, 'Ramba', 20305, NULL, NULL),
(359, 2030505, 'Rwamiko', 20305, NULL, NULL),
(361, 2030601, 'Muganza', 20306, NULL, NULL),
(362, 2030602, 'Rukore', 20306, NULL, NULL),
(363, 2030603, 'Samiyonga', 20306, NULL, NULL),
(364, 2030604, 'Uwacyiza', 20306, NULL, NULL),
(366, 2030701, 'Giheta', 20307, NULL, NULL),
(367, 2030702, 'Ngarurira', 20307, NULL, NULL),
(368, 2030703, 'Ngeri', 20307, NULL, NULL),
(369, 2030704, 'Ntwali', 20307, NULL, NULL),
(370, 2030705, 'Nyarure', 20307, NULL, NULL),
(372, 2030801, 'Bitare', 20308, NULL, NULL),
(373, 2030802, 'Mukuge', 20308, NULL, NULL),
(374, 2030803, 'Murama', 20308, NULL, NULL),
(375, 2030804, 'Nyamirama', 20308, NULL, NULL),
(376, 2030805, 'Nyanza', 20308, NULL, NULL),
(377, 2030806, 'Yaramba', 20308, NULL, NULL),
(379, 2030901, 'Fugi', 20309, NULL, NULL),
(380, 2030902, 'Kibangu', 20309, NULL, NULL),
(381, 2030903, 'Kiyonza', 20309, NULL, NULL),
(382, 2030904, 'Mbuye', 20309, NULL, NULL),
(383, 2030905, 'Nyamirama', 20309, NULL, NULL),
(384, 2030906, 'Rubona', 20309, NULL, NULL),
(386, 2031001, 'Gihemvu', 20310, NULL, NULL),
(387, 2031002, 'Kabere', 20310, NULL, NULL),
(388, 2031003, 'Mishungero', 20310, NULL, NULL),
(389, 2031004, 'Nyabimata', 20310, NULL, NULL),
(390, 2031005, 'Ruhinga', 20310, NULL, NULL),
(392, 2031101, 'Maraba', 20311, NULL, NULL),
(393, 2031102, 'Mwoya', 20311, NULL, NULL),
(394, 2031103, 'Nkakwa', 20311, NULL, NULL),
(395, 2031104, 'Nyagisozi', 20311, NULL, NULL),
(397, 2031201, 'Gitita', 20312, NULL, NULL),
(398, 2031202, 'Kabere', 20312, NULL, NULL),
(399, 2031203, 'Remera', 20312, NULL, NULL),
(400, 2031204, 'Ruyenzi', 20312, NULL, NULL),
(401, 2031205, 'Uwumusebeya', 20312, NULL, NULL),
(403, 2031301, 'Gabiro', 20313, NULL, NULL),
(404, 2031302, 'Giseke', 20313, NULL, NULL),
(405, 2031303, 'Nyarugano', 20313, NULL, NULL),
(406, 2031304, 'Rugogwe', 20313, NULL, NULL),
(407, 2031305, 'Ruramba', 20313, NULL, NULL),
(409, 2031401, 'Bunge', 20314, NULL, NULL),
(410, 2031402, 'Cyuna', 20314, NULL, NULL),
(411, 2031403, 'Gikunzi', 20314, NULL, NULL),
(412, 2031404, 'Mariba', 20314, NULL, NULL),
(413, 2031405, 'Raranzige', 20314, NULL, NULL),
(414, 2031406, 'Rusenge', 20314, NULL, NULL),
(416, 2040101, 'Nyakibanda', 20401, NULL, NULL),
(417, 2040102, 'Nyumba', 20401, NULL, NULL),
(418, 2040103, 'Ryakibogo', 20401, NULL, NULL),
(419, 2040104, 'Shori', 20401, NULL, NULL),
(421, 2040201, 'Muyogoro', 20402, NULL, NULL),
(422, 2040202, 'Nyakagezi', 20402, NULL, NULL),
(423, 2040203, 'Rukira', 20402, NULL, NULL),
(424, 2040204, 'Sovu', 20402, NULL, NULL),
(426, 2040301, 'Buhoro', 20403, NULL, NULL),
(427, 2040302, 'Bunazi', 20403, NULL, NULL),
(428, 2040303, 'Gahororo', 20403, NULL, NULL),
(429, 2040304, 'Kibingo', 20403, NULL, NULL),
(430, 2040305, 'Muhembe', 20403, NULL, NULL),
(432, 2040401, 'Gishihe', 20404, NULL, NULL),
(433, 2040402, 'Kabatwa', 20404, NULL, NULL),
(434, 2040403, 'Kabuga', 20404, NULL, NULL),
(435, 2040404, 'Karambi', 20404, NULL, NULL),
(436, 2040405, 'Musebeya', 20404, NULL, NULL),
(437, 2040406, 'Nyabisindu', 20404, NULL, NULL),
(438, 2040407, 'Rugarama', 20404, NULL, NULL),
(439, 2040408, 'Shanga', 20404, NULL, NULL),
(441, 2040501, 'Byinza', 20405, NULL, NULL),
(442, 2040502, 'Gahana', 20405, NULL, NULL),
(443, 2040503, 'Gitovu', 20405, NULL, NULL),
(444, 2040504, 'Kabona', 20405, NULL, NULL),
(445, 2040505, 'Sazange', 20405, NULL, NULL),
(447, 2040601, 'Buremera', 20406, NULL, NULL),
(448, 2040602, 'Gasumba', 20406, NULL, NULL),
(449, 2040603, 'Kabuye', 20406, NULL, NULL),
(450, 2040604, 'Kanyinya', 20406, NULL, NULL),
(451, 2040605, 'Shanga', 20406, NULL, NULL),
(452, 2040606, 'Shyembe', 20406, NULL, NULL),
(454, 2040701, 'Gatobotobo', 20407, NULL, NULL),
(455, 2040702, 'Kabuga', 20407, NULL, NULL),
(456, 2040703, 'Mutunda', 20407, NULL, NULL),
(457, 2040704, 'Mwulire', 20407, NULL, NULL),
(458, 2040705, 'Rugango', 20407, NULL, NULL),
(459, 2040706, 'Rusagara', 20407, NULL, NULL),
(460, 2040707, 'Tare', 20407, NULL, NULL),
(462, 2040801, 'Bukomeye', 20408, NULL, NULL),
(463, 2040802, 'Buvumu', 20408, NULL, NULL),
(464, 2040803, 'Icyeru', 20408, NULL, NULL),
(465, 2040804, 'Rango A', 20408, NULL, NULL),
(467, 2040901, 'Butare', 20409, NULL, NULL),
(468, 2040902, 'Kaburemera', 20409, NULL, NULL),
(469, 2040903, 'Matyazo', 20409, NULL, NULL),
(470, 2040904, 'Ngoma', 20409, NULL, NULL),
(472, 2041001, 'Busheshi', 20410, NULL, NULL),
(473, 2041002, 'Gatovu', 20410, NULL, NULL),
(474, 2041003, 'Karama', 20410, NULL, NULL),
(475, 2041004, 'Mara', 20410, NULL, NULL),
(476, 2041005, 'Muhororo', 20410, NULL, NULL),
(477, 2041006, 'Rugogwe', 20410, NULL, NULL),
(478, 2041007, 'Ruhashya', 20410, NULL, NULL),
(480, 2041101, 'Buhimba', 20411, NULL, NULL),
(481, 2041102, 'Gafumba', 20411, NULL, NULL),
(482, 2041103, 'Kimirehe', 20411, NULL, NULL),
(483, 2041104, 'Kimuna', 20411, NULL, NULL),
(484, 2041105, 'Kiruhura', 20411, NULL, NULL),
(485, 2041106, 'Mugogwe', 20411, NULL, NULL),
(487, 2041201, 'Gatwaro', 20412, NULL, NULL),
(488, 2041202, 'Kamwambi', 20412, NULL, NULL),
(489, 2041203, 'Kibiraro', 20412, NULL, NULL),
(490, 2041204, 'Mwendo', 20412, NULL, NULL),
(491, 2041205, 'Nyamabuye', 20412, NULL, NULL),
(492, 2041206, 'Nyaruhombo', 20412, NULL, NULL),
(493, 2041207, 'Shyunga', 20412, NULL, NULL),
(495, 2041301, 'Cyendajuru', 20413, NULL, NULL),
(496, 2041302, 'Gisakura', 20413, NULL, NULL),
(497, 2041303, 'Kabusanza', 20413, NULL, NULL),
(498, 2041304, 'Mugobore', 20413, NULL, NULL),
(499, 2041305, 'Nyangazi', 20413, NULL, NULL),
(501, 2041401, 'Cyarwa', 20414, NULL, NULL),
(502, 2041402, 'Cyimana', 20414, NULL, NULL),
(503, 2041403, 'Gitwa', 20414, NULL, NULL),
(504, 2041404, 'Mpare', 20414, NULL, NULL),
(505, 2041405, 'Rango B', 20414, NULL, NULL),
(507, 2050101, 'Bushigishigi', 20501, NULL, NULL),
(508, 2050102, 'Byimana', 20501, NULL, NULL),
(509, 2050103, 'Gifurwe', 20501, NULL, NULL),
(510, 2050104, 'Kizimyamuriro', 20501, NULL, NULL),
(511, 2050105, 'Munini', 20501, NULL, NULL),
(512, 2050106, 'Rambya', 20501, NULL, NULL),
(514, 2050201, 'Gitega', 20502, NULL, NULL),
(515, 2050202, 'Karama', 20502, NULL, NULL),
(516, 2050203, 'Kiyumba', 20502, NULL, NULL),
(517, 2050204, 'Ngoma', 20502, NULL, NULL),
(518, 2050205, 'Nyanza', 20502, NULL, NULL),
(519, 2050206, 'Nyanzoga', 20502, NULL, NULL),
(521, 2050301, 'Kigeme', 20503, NULL, NULL),
(522, 2050302, 'Ngiryi', 20503, NULL, NULL),
(523, 2050303, 'Nyabivumu', 20503, NULL, NULL),
(524, 2050304, 'Nyamugari', 20503, NULL, NULL),
(525, 2050305, 'Nzega', 20503, NULL, NULL),
(526, 2050306, 'Remera', 20503, NULL, NULL),
(528, 2050401, 'Bakopfu', 20504, NULL, NULL),
(529, 2050402, 'Gatare', 20504, NULL, NULL),
(530, 2050403, 'Mukongoro', 20504, NULL, NULL),
(531, 2050404, 'Ruganda', 20504, NULL, NULL),
(532, 2050405, 'Shyeru', 20504, NULL, NULL),
(534, 2050501, 'Kavumu', 20505, NULL, NULL),
(535, 2050502, 'Murambi', 20505, NULL, NULL),
(536, 2050503, 'Musenyi', 20505, NULL, NULL),
(537, 2050504, 'Nyabisindu', 20505, NULL, NULL),
(538, 2050505, 'Nyamiyaga', 20505, NULL, NULL),
(540, 2050601, 'Bwama', 20506, NULL, NULL),
(541, 2050602, 'Kamegeri', 20506, NULL, NULL),
(542, 2050603, 'Kirehe', 20506, NULL, NULL),
(543, 2050604, 'Kizi', 20506, NULL, NULL),
(544, 2050605, 'Nyarusiza', 20506, NULL, NULL),
(545, 2050606, 'Rususa', 20506, NULL, NULL),
(547, 2050701, 'Bugarama', 20507, NULL, NULL),
(548, 2050702, 'Bugarura', 20507, NULL, NULL),
(549, 2050703, 'Gashiha', 20507, NULL, NULL),
(550, 2050704, 'Karambo', 20507, NULL, NULL),
(551, 2050705, 'Ruhunga', 20507, NULL, NULL),
(552, 2050706, 'Uwindekezi', 20507, NULL, NULL),
(554, 2050801, 'Bwenda', 20508, NULL, NULL),
(555, 2050802, 'Gakanka', 20508, NULL, NULL),
(556, 2050803, 'Kibibi', 20508, NULL, NULL),
(557, 2050804, 'Nyakiza', 20508, NULL, NULL),
(559, 2050901, 'Kagano', 20509, NULL, NULL),
(560, 2050902, 'Mujuga', 20509, NULL, NULL),
(561, 2050903, 'Mukungu', 20509, NULL, NULL),
(562, 2050904, 'Shaba', 20509, NULL, NULL),
(563, 2050905, 'Uwingugu', 20509, NULL, NULL),
(565, 2051001, 'Manwari', 20510, NULL, NULL),
(566, 2051002, 'Mutiwingoma', 20510, NULL, NULL),
(567, 2051003, 'Ngambi', 20510, NULL, NULL),
(568, 2051004, 'Ngara', 20510, NULL, NULL),
(570, 2051101, 'Gitondorero', 20511, NULL, NULL),
(571, 2051102, 'Gitwa', 20511, NULL, NULL),
(572, 2051103, 'Ruhinga', 20511, NULL, NULL),
(573, 2051104, 'Sovu', 20511, NULL, NULL),
(574, 2051105, 'Suti', 20511, NULL, NULL),
(575, 2051106, 'Yonde', 20511, NULL, NULL),
(577, 2051201, 'Gasave', 20512, NULL, NULL),
(578, 2051202, 'Jenda', 20512, NULL, NULL),
(579, 2051203, 'Masagara', 20512, NULL, NULL),
(580, 2051204, 'Masangano', 20512, NULL, NULL),
(581, 2051205, 'Masizi', 20512, NULL, NULL),
(582, 2051206, 'Nyagisozi', 20512, NULL, NULL),
(584, 2051301, 'Gatovu', 20513, NULL, NULL),
(585, 2051302, 'Nyarurambi', 20513, NULL, NULL),
(586, 2051303, 'Rugano', 20513, NULL, NULL),
(587, 2051304, 'Runege', 20513, NULL, NULL),
(588, 2051305, 'Rusekera', 20513, NULL, NULL),
(589, 2051306, 'Sekera', 20513, NULL, NULL),
(591, 2051401, 'Buteteri', 20514, NULL, NULL),
(592, 2051402, 'Cyobe', 20514, NULL, NULL),
(593, 2051403, 'Gashwati', 20514, NULL, NULL),
(595, 2051501, 'Bitandara', 20515, NULL, NULL),
(596, 2051502, 'Musaraba', 20515, NULL, NULL),
(597, 2051503, 'Mutengeri', 20515, NULL, NULL),
(598, 2051504, 'Nkomane', 20515, NULL, NULL),
(599, 2051505, 'Nyarwungo', 20515, NULL, NULL),
(600, 2051506, 'Twiya', 20515, NULL, NULL),
(602, 2051601, 'Buhoro', 20516, NULL, NULL),
(603, 2051602, 'Gasarenda', 20516, NULL, NULL),
(604, 2051603, 'Gatovu', 20516, NULL, NULL),
(605, 2051604, 'Kaganza', 20516, NULL, NULL),
(606, 2051605, 'Nkumbure', 20516, NULL, NULL),
(607, 2051606, 'Nyamigina', 20516, NULL, NULL),
(609, 2051701, 'Bigumira', 20517, NULL, NULL),
(610, 2051702, 'Gahira', 20517, NULL, NULL),
(611, 2051703, 'Kibyagira', 20517, NULL, NULL),
(612, 2051704, 'Mudasomwa', 20517, NULL, NULL),
(613, 2051705, 'Munyege', 20517, NULL, NULL),
(614, 2051706, 'Rugogwe', 20517, NULL, NULL),
(616, 2060101, 'Buhanda', 20601, NULL, NULL),
(617, 2060102, 'Gitisi', 20601, NULL, NULL),
(618, 2060103, 'Murama', 20601, NULL, NULL),
(619, 2060104, 'Rubona', 20601, NULL, NULL),
(620, 2060105, 'Rwinyana', 20601, NULL, NULL),
(622, 2060201, 'Kamusenyi', 20602, NULL, NULL),
(623, 2060202, 'Kirengeri', 20602, NULL, NULL),
(624, 2060203, 'Mahembe', 20602, NULL, NULL),
(625, 2060204, 'Mpanda', 20602, NULL, NULL),
(626, 2060205, 'Muhororo', 20602, NULL, NULL),
(627, 2060206, 'Ntenyo', 20602, NULL, NULL),
(628, 2060207, 'Nyakabuye', 20602, NULL, NULL),
(630, 2060301, 'Bihembe', 20603, NULL, NULL),
(631, 2060302, 'Karambi', 20603, NULL, NULL),
(632, 2060303, 'Munanira', 20603, NULL, NULL),
(633, 2060304, 'Remera', 20603, NULL, NULL),
(634, 2060305, 'Rwesero', 20603, NULL, NULL),
(635, 2060306, 'Rwoga', 20603, NULL, NULL),
(637, 2060401, 'Burima', 20604, NULL, NULL),
(638, 2060402, 'Gisali', 20604, NULL, NULL),
(639, 2060403, 'Kinazi', 20604, NULL, NULL),
(640, 2060404, 'Rubona', 20604, NULL, NULL),
(641, 2060405, 'Rutabo', 20604, NULL, NULL),
(643, 2060501, 'Bweramvura', 20605, NULL, NULL),
(644, 2060502, 'Gitinda', 20605, NULL, NULL),
(645, 2060503, 'Kirwa', 20605, NULL, NULL),
(646, 2060504, 'Muyunzwe', 20605, NULL, NULL),
(647, 2060505, 'Nyakogo', 20605, NULL, NULL),
(648, 2060506, 'Rukina', 20605, NULL, NULL),
(650, 2060601, 'Cyanza', 20606, NULL, NULL),
(651, 2060602, 'Gisanga', 20606, NULL, NULL),
(652, 2060603, 'Kabuga', 20606, NULL, NULL),
(653, 2060604, 'Kizibere', 20606, NULL, NULL),
(654, 2060605, 'Mbuye', 20606, NULL, NULL),
(655, 2060606, 'Mwendo', 20606, NULL, NULL),
(656, 2060607, 'Nyakarekare', 20606, NULL, NULL),
(658, 2060701, 'Gafunzo', 20607, NULL, NULL),
(659, 2060702, 'Gishweru', 20607, NULL, NULL),
(660, 2060703, 'Kamujisho', 20607, NULL, NULL),
(661, 2060704, 'Kigarama', 20607, NULL, NULL),
(662, 2060705, 'Kubutare', 20607, NULL, NULL),
(663, 2060706, 'Mutara', 20607, NULL, NULL),
(664, 2060707, 'Nyabibugu', 20607, NULL, NULL),
(665, 2060708, 'Saruheshyi', 20607, NULL, NULL),
(667, 2060801, 'Gako', 20608, NULL, NULL),
(668, 2060802, 'Kareba', 20608, NULL, NULL),
(669, 2060803, 'Kayenzi', 20608, NULL, NULL),
(670, 2060804, 'Kebero', 20608, NULL, NULL),
(671, 2060805, 'Nyagisozi', 20608, NULL, NULL),
(672, 2060806, 'Nyakabungo', 20608, NULL, NULL),
(673, 2060807, 'Nyarurama', 20608, NULL, NULL),
(675, 2060901, 'Buhoro', 20609, NULL, NULL),
(676, 2060902, 'Bunyogombe', 20609, NULL, NULL),
(677, 2060903, 'Gikoma', 20609, NULL, NULL),
(678, 2060904, 'Munini', 20609, NULL, NULL),
(679, 2060905, 'Musamo', 20609, NULL, NULL),
(680, 2060906, 'Nyamagana', 20609, NULL, NULL),
(681, 2060907, 'Rwoga', 20609, NULL, NULL),
(682, 2060908, 'Tambwe', 20609, NULL, NULL),
(684, 2070101, 'Biringaga', 20701, NULL, NULL),
(685, 2070102, 'Kigarama', 20701, NULL, NULL),
(686, 2070103, 'Kivumu', 20701, NULL, NULL),
(687, 2070104, 'Makera', 20701, NULL, NULL),
(688, 2070105, 'Nyarunyinya', 20701, NULL, NULL),
(689, 2070106, 'Shori', 20701, NULL, NULL),
(691, 2070201, 'Buramba', 20702, NULL, NULL),
(692, 2070202, 'Butare', 20702, NULL, NULL),
(693, 2070203, 'Kabuye', 20702, NULL, NULL),
(694, 2070204, 'Kavumu', 20702, NULL, NULL),
(695, 2070205, 'Kibyimba', 20702, NULL, NULL),
(696, 2070206, 'Ngarama', 20702, NULL, NULL),
(697, 2070207, 'Ngoma', 20702, NULL, NULL),
(698, 2070208, 'Sholi', 20702, NULL, NULL),
(700, 2070301, 'Gisharu', 20703, NULL, NULL),
(701, 2070302, 'Gitega', 20703, NULL, NULL),
(702, 2070303, 'Jurwe', 20703, NULL, NULL),
(703, 2070304, 'Mubuga', 20703, NULL, NULL),
(704, 2070305, 'Rubyiniro', 20703, NULL, NULL),
(705, 2070306, 'Ryakanimba', 20703, NULL, NULL),
(707, 2070401, 'Budende', 20704, NULL, NULL),
(708, 2070402, 'Ndago', 20704, NULL, NULL),
(709, 2070403, 'Remera', 20704, NULL, NULL),
(710, 2070404, 'Ruhina', 20704, NULL, NULL),
(711, 2070405, 'Rukeri', 20704, NULL, NULL),
(713, 2070501, 'Kanyinya', 20705, NULL, NULL),
(714, 2070502, 'Nganzo', 20705, NULL, NULL),
(715, 2070503, 'Nyamirama', 20705, NULL, NULL),
(716, 2070504, 'Remera', 20705, NULL, NULL),
(717, 2070505, 'Tyazo', 20705, NULL, NULL),
(719, 2070601, 'Matyazo', 20706, NULL, NULL),
(720, 2070602, 'Munazi', 20706, NULL, NULL),
(721, 2070603, 'Nyagasozi', 20706, NULL, NULL),
(722, 2070604, 'Rukaragata', 20706, NULL, NULL),
(723, 2070605, 'Rwasare', 20706, NULL, NULL),
(724, 2070606, 'Rwigerero', 20706, NULL, NULL),
(726, 2070701, 'Gashorera', 20707, NULL, NULL),
(727, 2070702, 'Masangano', 20707, NULL, NULL),
(728, 2070703, 'Mbuga', 20707, NULL, NULL),
(729, 2070704, 'Muvumba', 20707, NULL, NULL),
(730, 2070705, 'Nyarusozi', 20707, NULL, NULL),
(732, 2070801, 'Gahogo', 20708, NULL, NULL),
(733, 2070802, 'Gifumba', 20708, NULL, NULL),
(734, 2070803, 'Gitarama', 20708, NULL, NULL),
(735, 2070804, 'Remera', 20708, NULL, NULL),
(737, 2070901, 'Mbiriri', 20709, NULL, NULL),
(738, 2070902, 'Musongati', 20709, NULL, NULL),
(739, 2070903, 'Ngaru', 20709, NULL, NULL),
(740, 2070904, 'Rusovu', 20709, NULL, NULL),
(742, 2071001, 'Gasagara', 20710, NULL, NULL),
(743, 2071002, 'Gasharu', 20710, NULL, NULL),
(744, 2071003, 'Karambo', 20710, NULL, NULL),
(745, 2071004, 'Nyamirambo', 20710, NULL, NULL),
(746, 2071005, 'Ruhango', 20710, NULL, NULL),
(748, 2071101, 'Gasave', 20711, NULL, NULL),
(749, 2071102, 'Kanyana', 20711, NULL, NULL),
(750, 2071103, 'Kibaga', 20711, NULL, NULL),
(751, 2071104, 'Mpinga', 20711, NULL, NULL),
(752, 2071105, 'Nsanga', 20711, NULL, NULL),
(754, 2071201, 'Kinini', 20712, NULL, NULL),
(755, 2071202, 'Mbare', 20712, NULL, NULL),
(756, 2071203, 'Mubuga', 20712, NULL, NULL),
(757, 2071204, 'Ruli', 20712, NULL, NULL),
(759, 2080101, 'Gihinga', 20801, NULL, NULL),
(760, 2080102, 'Gihira', 20801, NULL, NULL),
(761, 2080103, 'Kigembe', 20801, NULL, NULL),
(762, 2080104, 'Nkingo', 20801, NULL, NULL),
(764, 2080201, 'Bitare', 20802, NULL, NULL),
(765, 2080202, 'Bunyonga', 20802, NULL, NULL),
(766, 2080203, 'Muganza', 20802, NULL, NULL),
(767, 2080204, 'Nyamirembe', 20802, NULL, NULL),
(769, 2080301, 'Bugarama', 20803, NULL, NULL),
(770, 2080302, 'Cubi', 20803, NULL, NULL),
(771, 2080303, 'Kayonza', 20803, NULL, NULL),
(772, 2080304, 'Kirwa', 20803, NULL, NULL),
(773, 2080305, 'Mataba', 20803, NULL, NULL),
(774, 2080306, 'Nyamirama', 20803, NULL, NULL),
(776, 2080401, 'Busoro', 20804, NULL, NULL),
(777, 2080402, 'Gaseke', 20804, NULL, NULL),
(778, 2080403, 'Giko', 20804, NULL, NULL),
(779, 2080404, 'Muyange', 20804, NULL, NULL),
(781, 2080501, 'Jenda', 20805, NULL, NULL),
(782, 2080502, 'Kabugondo', 20805, NULL, NULL),
(783, 2080503, 'Mbati', 20805, NULL, NULL),
(784, 2080504, 'Mugina', 20805, NULL, NULL),
(785, 2080505, 'Nteko', 20805, NULL, NULL),
(787, 2080601, 'Buhoro', 20806, NULL, NULL),
(788, 2080602, 'Cyambwe', 20806, NULL, NULL),
(789, 2080603, 'Karengera', 20806, NULL, NULL),
(790, 2080604, 'Kivumu', 20806, NULL, NULL),
(791, 2080605, 'Mpushi', 20806, NULL, NULL),
(792, 2080606, 'Rukambura', 20806, NULL, NULL),
(794, 2080701, 'Kabuga', 20807, NULL, NULL),
(795, 2080702, 'Kazirabonde', 20807, NULL, NULL),
(796, 2080703, 'Marembo', 20807, NULL, NULL),
(798, 2080801, 'Bibungo', 20808, NULL, NULL),
(799, 2080802, 'Kabashumba', 20808, NULL, NULL),
(800, 2080803, 'Kidahwe', 20808, NULL, NULL),
(801, 2080804, 'Mukinga', 20808, NULL, NULL),
(802, 2080805, 'Ngoma', 20808, NULL, NULL),
(804, 2080901, 'Gitare', 20809, NULL, NULL),
(805, 2080902, 'Kambyeyi', 20809, NULL, NULL),
(806, 2080903, 'Kigusa', 20809, NULL, NULL),
(807, 2080904, 'Nyagishubi', 20809, NULL, NULL),
(808, 2080905, 'Ruyanza', 20809, NULL, NULL),
(810, 2081001, 'Bihembe', 20810, NULL, NULL),
(811, 2081002, 'Kigese', 20810, NULL, NULL),
(812, 2081003, 'Masaka', 20810, NULL, NULL),
(813, 2081004, 'Nyarubuye', 20810, NULL, NULL),
(814, 2081005, 'Sheli', 20810, NULL, NULL),
(816, 2081101, 'Bugoba', 20811, NULL, NULL),
(817, 2081102, 'Buguri', 20811, NULL, NULL),
(818, 2081103, 'Gishyeshye', 20811, NULL, NULL),
(819, 2081104, 'Murehe', 20811, NULL, NULL),
(820, 2081105, 'Mwirute', 20811, NULL, NULL),
(821, 2081106, 'Remera', 20811, NULL, NULL),
(822, 2081107, 'Taba', 20811, NULL, NULL),
(824, 2081201, 'Gihara', 20812, NULL, NULL),
(825, 2081202, 'Kabagesera', 20812, NULL, NULL),
(826, 2081203, 'Kagina', 20812, NULL, NULL),
(827, 2081204, 'Muganza', 20812, NULL, NULL),
(828, 2081205, 'Ruyenzi', 20812, NULL, NULL),
(830, 3010101, 'Burunga', 30101, NULL, NULL),
(831, 3010102, 'Gasura', 30101, NULL, NULL),
(832, 3010103, 'Gitarama', 30101, NULL, NULL),
(833, 3010104, 'Kayenzi', 30101, NULL, NULL),
(834, 3010105, 'Kibuye', 30101, NULL, NULL),
(835, 3010106, 'Kiniha', 30101, NULL, NULL),
(836, 3010107, 'Nyarusazi', 30101, NULL, NULL),
(838, 3010201, 'Birambo', 30102, NULL, NULL),
(839, 3010202, 'Musasa', 30102, NULL, NULL),
(840, 3010203, 'Mwendo', 30102, NULL, NULL),
(841, 3010204, 'Rugobagoba', 30102, NULL, NULL),
(842, 3010205, 'Tongati', 30102, NULL, NULL),
(844, 3010301, 'Buhoro', 30103, NULL, NULL),
(845, 3010302, 'Cyanya', 30103, NULL, NULL),
(846, 3010303, 'Kigarama', 30103, NULL, NULL),
(847, 3010304, 'Munanira', 30103, NULL, NULL),
(848, 3010305, 'Musasa', 30103, NULL, NULL),
(849, 3010306, 'Ngoma', 30103, NULL, NULL),
(851, 3010401, 'Gasharu', 30104, NULL, NULL),
(852, 3010402, 'Gitega', 30104, NULL, NULL),
(853, 3010403, 'Kanunga', 30104, NULL, NULL),
(854, 3010404, 'Kirambo', 30104, NULL, NULL),
(855, 3010405, 'Munanira', 30104, NULL, NULL),
(856, 3010406, 'Nyamiringa', 30104, NULL, NULL),
(857, 3010407, 'Ruhinga', 30104, NULL, NULL),
(858, 3010408, 'Rwariro', 30104, NULL, NULL),
(860, 3010501, 'Kagabiro', 30105, NULL, NULL),
(861, 3010502, 'Murangara', 30105, NULL, NULL),
(862, 3010503, 'Nyagatovu', 30105, NULL, NULL),
(863, 3010504, 'Ryaruhanga', 30105, NULL, NULL),
(865, 3010601, 'Mubuga', 30106, NULL, NULL),
(866, 3010602, 'Muhororo', 30106, NULL, NULL),
(867, 3010603, 'Nkoto', 30106, NULL, NULL),
(868, 3010604, 'Nyarunyinya', 30106, NULL, NULL),
(869, 3010605, 'Shyembe', 30106, NULL, NULL),
(871, 3010701, 'Bukiro', 30107, NULL, NULL),
(872, 3010702, 'Kabaya', 30107, NULL, NULL),
(873, 3010703, 'Kamina', 30107, NULL, NULL),
(874, 3010704, 'Kareba', 30107, NULL, NULL),
(875, 3010705, 'Nyamushishi', 30107, NULL, NULL),
(876, 3010706, 'Nzaratsi', 30107, NULL, NULL),
(878, 3010801, 'Byogo', 30108, NULL, NULL),
(879, 3010802, 'Gasharu', 30108, NULL, NULL),
(880, 3010803, 'Gisayura', 30108, NULL, NULL),
(881, 3010804, 'Kanyege', 30108, NULL, NULL),
(882, 3010805, 'Kinyonzwe', 30108, NULL, NULL),
(883, 3010806, 'Murengezo', 30108, NULL, NULL),
(884, 3010807, 'Rwufi', 30108, NULL, NULL),
(886, 3010901, 'Bubazi', 30109, NULL, NULL),
(887, 3010902, 'Gacaca', 30109, NULL, NULL),
(888, 3010903, 'Gisanze', 30109, NULL, NULL),
(889, 3010904, 'Gitwa', 30109, NULL, NULL),
(890, 3010905, 'Kibirizi', 30109, NULL, NULL),
(891, 3010906, 'Mataba', 30109, NULL, NULL),
(892, 3010907, 'Nyarugenge', 30109, NULL, NULL),
(893, 3010908, 'Ruragwe', 30109, NULL, NULL),
(895, 3011001, 'Gisiza', 30110, NULL, NULL),
(896, 3011002, 'Gitega', 30110, NULL, NULL),
(897, 3011003, 'Gitovu', 30110, NULL, NULL),
(898, 3011004, 'Kabuga', 30110, NULL, NULL),
(899, 3011005, 'Mubuga', 30110, NULL, NULL),
(900, 3011006, 'Mucyimba', 30110, NULL, NULL),
(901, 3011007, 'Rufungo', 30110, NULL, NULL),
(902, 3011008, 'Rwungo', 30110, NULL, NULL),
(903, 3011009, 'Tyazo', 30110, NULL, NULL),
(905, 3011101, 'Biguhu', 30111, NULL, NULL),
(906, 3011102, 'Kabingo', 30111, NULL, NULL),
(907, 3011103, 'Kinyovu', 30111, NULL, NULL),
(908, 3011104, 'Kivumu', 30111, NULL, NULL),
(909, 3011105, 'Nyabikeri', 30111, NULL, NULL),
(910, 3011106, 'Nyamugwagwa', 30111, NULL, NULL),
(911, 3011107, 'Rubona', 30111, NULL, NULL),
(912, 3011108, 'Rugobagoba', 30111, NULL, NULL),
(914, 3011201, 'Bigugu', 30112, NULL, NULL),
(915, 3011202, 'Bisesero', 30112, NULL, NULL),
(916, 3011203, 'Gasata', 30112, NULL, NULL),
(917, 3011204, 'Munini', 30112, NULL, NULL),
(918, 3011205, 'Nyakamira', 30112, NULL, NULL),
(919, 3011206, 'Nyarusanga', 30112, NULL, NULL),
(920, 3011207, 'Rubazo', 30112, NULL, NULL),
(921, 3011208, 'Rubumba', 30112, NULL, NULL),
(923, 3011301, 'Bihumbe', 30113, NULL, NULL),
(924, 3011302, 'Gakuta', 30113, NULL, NULL),
(925, 3011303, 'Gisovu', 30113, NULL, NULL),
(926, 3011304, 'Gitabura', 30113, NULL, NULL),
(927, 3011305, 'Kavumu', 30113, NULL, NULL),
(928, 3011306, 'Murehe', 30113, NULL, NULL),
(929, 3011307, 'Rutabi', 30113, NULL, NULL),
(931, 3020101, 'Bushaka', 30201, NULL, NULL),
(932, 3020102, 'Kabihogo', 30201, NULL, NULL),
(933, 3020103, 'Nkira', 30201, NULL, NULL),
(934, 3020104, 'Remera', 30201, NULL, NULL),
(936, 3020201, 'Bugina', 30202, NULL, NULL),
(937, 3020202, 'Congo-nil', 30202, NULL, NULL),
(938, 3020203, 'Mataba', 30202, NULL, NULL),
(939, 3020204, 'Murambi', 30202, NULL, NULL),
(940, 3020205, 'Ruhingo', 30202, NULL, NULL),
(941, 3020206, 'Shyembe', 30202, NULL, NULL),
(942, 3020207, 'Teba', 30202, NULL, NULL),
(944, 3020301, 'Buhindure', 30203, NULL, NULL),
(945, 3020302, 'Nkora', 30203, NULL, NULL),
(946, 3020303, 'Nyagahinika', 30203, NULL, NULL),
(947, 3020304, 'Rukaragata', 30203, NULL, NULL),
(949, 3020401, 'Bunyoni', 30204, NULL, NULL),
(950, 3020402, 'Bunyunju', 30204, NULL, NULL),
(951, 3020403, 'Kabere', 30204, NULL, NULL),
(952, 3020404, 'Kabujenje', 30204, NULL, NULL),
(953, 3020405, 'Karambi', 30204, NULL, NULL),
(954, 3020406, 'Nganzo', 30204, NULL, NULL),
(956, 3020501, 'Haniro', 30205, NULL, NULL),
(957, 3020502, 'Muyira', 30205, NULL, NULL),
(958, 3020503, 'Tangabo', 30205, NULL, NULL),
(960, 3020601, 'Kabuga', 30206, NULL, NULL),
(961, 3020602, 'Kagano', 30206, NULL, NULL),
(962, 3020603, 'Kageyo', 30206, NULL, NULL),
(963, 3020604, 'Kagusa', 30206, NULL, NULL),
(964, 3020605, 'Karambo', 30206, NULL, NULL),
(965, 3020606, 'Mwendo', 30206, NULL, NULL),
(967, 3020701, 'Kirwa', 30207, NULL, NULL),
(968, 3020702, 'Mburamazi', 30207, NULL, NULL),
(969, 3020703, 'Rugeyo', 30207, NULL, NULL),
(970, 3020704, 'Twabugezi', 30207, NULL, NULL),
(972, 3020801, 'Gabiro', 30208, NULL, NULL),
(973, 3020802, 'Gisiza', 30208, NULL, NULL),
(974, 3020803, 'Murambi', 30208, NULL, NULL),
(975, 3020804, 'Nyarubuye', 30208, NULL, NULL),
(977, 3020901, 'Biruyi', 30209, NULL, NULL),
(978, 3020902, 'Kaguriro', 30209, NULL, NULL),
(979, 3020903, 'Magaba', 30209, NULL, NULL),
(980, 3020904, 'Rurara', 30209, NULL, NULL),
(982, 3021001, 'Bumba', 30210, NULL, NULL),
(983, 3021002, 'Cyarusera', 30210, NULL, NULL),
(984, 3021003, 'Gitwa', 30210, NULL, NULL),
(985, 3021004, 'Mageragere', 30210, NULL, NULL),
(986, 3021005, 'Sure', 30210, NULL, NULL),
(988, 3021101, 'Busuku', 30211, NULL, NULL),
(989, 3021102, 'Cyivugiza', 30211, NULL, NULL),
(990, 3021103, 'Mubuga', 30211, NULL, NULL),
(991, 3021104, 'Ngoma', 30211, NULL, NULL),
(992, 3021105, 'Terimbere', 30211, NULL, NULL),
(994, 3021201, 'Gatare', 30212, NULL, NULL),
(995, 3021202, 'Gihira', 30212, NULL, NULL),
(996, 3021203, 'Kavumu', 30212, NULL, NULL),
(997, 3021204, 'Nyakarera', 30212, NULL, NULL),
(998, 3021205, 'Rugasa', 30212, NULL, NULL),
(999, 3021206, 'Rundoyi', 30212, NULL, NULL),
(1001, 3021301, 'Kabona', 30213, NULL, NULL),
(1002, 3021302, 'Mberi', 30213, NULL, NULL),
(1003, 3021303, 'Remera', 30213, NULL, NULL),
(1004, 3021304, 'Ruronde', 30213, NULL, NULL),
(1006, 3030101, 'Buringo', 30301, NULL, NULL),
(1007, 3030102, 'Butaka', 30301, NULL, NULL),
(1008, 3030103, 'Hehu', 30301, NULL, NULL),
(1009, 3030104, 'Kabumba', 30301, NULL, NULL),
(1010, 3030105, 'Mutovu', 30301, NULL, NULL),
(1011, 3030106, 'Nsherima', 30301, NULL, NULL),
(1012, 3030107, 'Rusiza', 30301, NULL, NULL),
(1014, 3030201, 'Gacurabwenge', 30302, NULL, NULL),
(1015, 3030202, 'Gasiza', 30302, NULL, NULL),
(1016, 3030203, 'Gihonga', 30302, NULL, NULL),
(1017, 3030204, 'Kageshi', 30302, NULL, NULL),
(1018, 3030205, 'Makoro', 30302, NULL, NULL),
(1019, 3030206, 'Nyacyonga', 30302, NULL, NULL),
(1020, 3030207, 'Rusura', 30302, NULL, NULL),
(1022, 3030301, 'Busigari', 30303, NULL, NULL),
(1023, 3030302, 'Cyanzarwe', 30303, NULL, NULL),
(1024, 3030303, 'Gora', 30303, NULL, NULL),
(1025, 3030304, 'Kinyanzovu', 30303, NULL, NULL),
(1026, 3030305, 'Makurizo', 30303, NULL, NULL),
(1027, 3030306, 'Rwangara', 30303, NULL, NULL),
(1028, 3030307, 'Rwanzekuma', 30303, NULL, NULL),
(1029, 3030308, 'Ryabizige', 30303, NULL, NULL),
(1031, 3030401, 'Amahoro', 30304, NULL, NULL),
(1032, 3030402, 'Bugoyi', 30304, NULL, NULL),
(1033, 3030403, 'Kivumu', 30304, NULL, NULL),
(1034, 3030404, 'Mbugangari', 30304, NULL, NULL),
(1035, 3030405, 'Nengo', 30304, NULL, NULL),
(1036, 3030406, 'Rubavu', 30304, NULL, NULL),
(1037, 3030407, 'Umuganda', 30304, NULL, NULL),
(1039, 3030501, 'Kamuhoza', 30305, NULL, NULL),
(1040, 3030502, 'Karambo', 30305, NULL, NULL),
(1041, 3030503, 'Mahoko', 30305, NULL, NULL),
(1042, 3030504, 'Musabike', 30305, NULL, NULL),
(1043, 3030505, 'Nkomane', 30305, NULL, NULL),
(1044, 3030506, 'Rusongati', 30305, NULL, NULL),
(1045, 3030507, 'Yungwe', 30305, NULL, NULL),
(1047, 3030601, 'Kanyirabigogo', 30306, NULL, NULL),
(1048, 3030602, 'Kirerema', 30306, NULL, NULL),
(1049, 3030603, 'Muramba', 30306, NULL, NULL),
(1050, 3030604, 'Nyamikongi', 30306, NULL, NULL),
(1051, 3030605, 'Nyamirango', 30306, NULL, NULL),
(1052, 3030606, 'Nyaruteme', 30306, NULL, NULL),
(1054, 3030701, 'Bihungwe', 30307, NULL, NULL),
(1055, 3030702, 'Kanyundo', 30307, NULL, NULL),
(1056, 3030703, 'Micinyiro', 30307, NULL, NULL),
(1057, 3030704, 'Mirindi', 30307, NULL, NULL),
(1058, 3030705, 'Ndoranyi', 30307, NULL, NULL),
(1059, 3030706, 'Rungu', 30307, NULL, NULL),
(1060, 3030707, 'Rwanyakayaga', 30307, NULL, NULL),
(1062, 3030801, 'Bisizi', 30308, NULL, NULL),
(1063, 3030802, 'Gikombe', 30308, NULL, NULL),
(1064, 3030803, 'Kanyefurwe', 30308, NULL, NULL),
(1065, 3030804, 'Nyarushyamba', 30308, NULL, NULL),
(1067, 3030901, 'Burushya', 30309, NULL, NULL),
(1068, 3030902, 'Busoro', 30309, NULL, NULL),
(1069, 3030903, 'Kinigi', 30309, NULL, NULL),
(1070, 3030904, 'Kiraga', 30309, NULL, NULL),
(1071, 3030905, 'Munanira', 30309, NULL, NULL),
(1072, 3030906, 'Rubona', 30309, NULL, NULL),
(1074, 3031001, 'Bahimba', 30310, NULL, NULL),
(1075, 3031002, 'Gatovu', 30310, NULL, NULL),
(1076, 3031003, 'Kavomo', 30310, NULL, NULL),
(1077, 3031004, 'Kigarama', 30310, NULL, NULL),
(1078, 3031005, 'Mukondo', 30310, NULL, NULL),
(1079, 3031006, 'Nyundo', 30310, NULL, NULL),
(1080, 3031007, 'Terimbere', 30310, NULL, NULL),
(1082, 3031101, 'Buhaza', 30311, NULL, NULL),
(1083, 3031102, 'Burinda', 30311, NULL, NULL),
(1084, 3031103, 'Byahi', 30311, NULL, NULL),
(1085, 3031104, 'Gikombe', 30311, NULL, NULL),
(1086, 3031105, 'Murambi', 30311, NULL, NULL),
(1087, 3031106, 'Murara', 30311, NULL, NULL),
(1088, 3031107, 'Rukoko', 30311, NULL, NULL),
(1090, 3031201, 'Basa', 30312, NULL, NULL),
(1091, 3031202, 'Gisa', 30312, NULL, NULL),
(1092, 3031203, 'Kabilizi', 30312, NULL, NULL),
(1093, 3031204, 'Muhira', 30312, NULL, NULL),
(1094, 3031205, 'Rugerero', 30312, NULL, NULL),
(1095, 3031206, 'Rushubi', 30312, NULL, NULL),
(1096, 3031207, 'Rwaza', 30312, NULL, NULL),
(1098, 3040101, 'Arusha', 30401, NULL, NULL),
(1099, 3040102, 'Basumba', 30401, NULL, NULL),
(1100, 3040103, 'Kijote', 30401, NULL, NULL),
(1101, 3040104, 'Kora', 30401, NULL, NULL),
(1102, 3040105, 'Muhe', 30401, NULL, NULL),
(1103, 3040106, 'Rega', 30401, NULL, NULL),
(1105, 3040201, 'Bukinanyana', 30402, NULL, NULL),
(1106, 3040202, 'Gasizi', 30402, NULL, NULL),
(1107, 3040203, 'Kabatezi', 30402, NULL, NULL),
(1108, 3040204, 'Kareba', 30402, NULL, NULL),
(1109, 3040205, 'Nyirakigugu', 30402, NULL, NULL),
(1110, 3040206, 'Rega', 30402, NULL, NULL),
(1112, 3040301, 'Gasiza', 30403, NULL, NULL),
(1113, 3040302, 'Gasura', 30403, NULL, NULL),
(1114, 3040303, 'Gisizi', 30403, NULL, NULL),
(1115, 3040304, 'Guriro', 30403, NULL, NULL),
(1116, 3040305, 'Kavumu', 30403, NULL, NULL),
(1117, 3040306, 'Nyamitanzi', 30403, NULL, NULL),
(1119, 3040401, 'Batikoti', 30404, NULL, NULL),
(1120, 3040402, 'Cyamvumba', 30404, NULL, NULL),
(1121, 3040403, 'Gihorwe', 30404, NULL, NULL),
(1122, 3040404, 'Myuga', 30404, NULL, NULL),
(1123, 3040405, 'Ngando', 30404, NULL, NULL),
(1124, 3040406, 'Rugarama', 30404, NULL, NULL),
(1126, 3040501, 'Busoro', 30405, NULL, NULL),
(1127, 3040502, 'Cyamabuye', 30405, NULL, NULL),
(1128, 3040503, 'Gatagara', 30405, NULL, NULL),
(1129, 3040504, 'Gihirwa', 30405, NULL, NULL),
(1130, 3040505, 'Kadahenda', 30405, NULL, NULL),
(1131, 3040506, 'Karengera', 30405, NULL, NULL),
(1133, 3040601, 'Gatovu', 30406, NULL, NULL),
(1134, 3040602, 'Kintobo', 30406, NULL, NULL),
(1135, 3040603, 'Nyagisozi', 30406, NULL, NULL),
(1136, 3040604, 'Nyamugari', 30406, NULL, NULL),
(1137, 3040605, 'Rukondo', 30406, NULL, NULL),
(1138, 3040606, 'Ryinyo', 30406, NULL, NULL),
(1140, 3040701, 'Gasizi', 30407, NULL, NULL),
(1141, 3040702, 'Jaba', 30407, NULL, NULL),
(1142, 3040703, 'Kanyove', 30407, NULL, NULL),
(1143, 3040704, 'Rubaya', 30407, NULL, NULL),
(1144, 3040705, 'Rugeshi', 30407, NULL, NULL),
(1145, 3040706, 'Rukoma', 30407, NULL, NULL),
(1146, 3040707, 'Rurengeri', 30407, NULL, NULL),
(1148, 3040801, 'Gisizi', 30408, NULL, NULL),
(1149, 3040802, 'Mulinga', 30408, NULL, NULL),
(1150, 3040803, 'Mwiyanike', 30408, NULL, NULL),
(1151, 3040804, 'Nkomane', 30408, NULL, NULL),
(1152, 3040805, 'Nyamasheke', 30408, NULL, NULL),
(1153, 3040806, 'Rwantobo', 30408, NULL, NULL),
(1155, 3040901, 'Birembo', 30409, NULL, NULL),
(1156, 3040902, 'Guriro', 30409, NULL, NULL),
(1157, 3040903, 'Kibisabo', 30409, NULL, NULL),
(1158, 3040904, 'Mutaho', 30409, NULL, NULL),
(1159, 3040905, 'Nyundo', 30409, NULL, NULL),
(1160, 3040906, 'Rugamba', 30409, NULL, NULL),
(1162, 3041001, 'Gakoro', 30410, NULL, NULL),
(1163, 3041002, 'Marangara', 30410, NULL, NULL),
(1164, 3041003, 'Nyagahondo', 30410, NULL, NULL),
(1165, 3041004, 'Nyarutembe', 30410, NULL, NULL),
(1166, 3041005, 'Rurembo', 30410, NULL, NULL),
(1167, 3041006, 'Tyazo', 30410, NULL, NULL),
(1169, 3041101, 'Gahondo', 30411, NULL, NULL),
(1170, 3041102, 'Gitega', 30411, NULL, NULL),
(1171, 3041103, 'Kirimbogo', 30411, NULL, NULL),
(1172, 3041104, 'Murambi', 30411, NULL, NULL),
(1173, 3041105, 'Mwana', 30411, NULL, NULL),
(1174, 3041106, 'Rwaza', 30411, NULL, NULL),
(1176, 3041201, 'Cyimanzovu', 30412, NULL, NULL),
(1177, 3041202, 'Kanyamitana', 30412, NULL, NULL),
(1178, 3041203, 'Kintarure', 30412, NULL, NULL),
(1179, 3041204, 'Mpinga', 30412, NULL, NULL),
(1180, 3041205, 'Mutanda', 30412, NULL, NULL),
(1181, 3041206, 'Shaki', 30412, NULL, NULL),
(1183, 3050101, 'Bungwe', 30501, NULL, NULL),
(1184, 3050102, 'Cyahafi', 30501, NULL, NULL),
(1185, 3050103, 'Gashubi', 30501, NULL, NULL),
(1186, 3050104, 'Kabarondo', 30501, NULL, NULL),
(1187, 3050105, 'Ruhindage', 30501, NULL, NULL),
(1189, 3050201, 'Cyome', 30502, NULL, NULL),
(1190, 3050202, 'Gatsibo', 30502, NULL, NULL),
(1191, 3050203, 'Kamasiga', 30502, NULL, NULL),
(1192, 3050204, 'Karambo', 30502, NULL, NULL),
(1193, 3050205, 'Ruhanga', 30502, NULL, NULL),
(1194, 3050206, 'Rusumo', 30502, NULL, NULL),
(1196, 3050301, 'Gatare', 30503, NULL, NULL),
(1197, 3050302, 'Gatega', 30503, NULL, NULL),
(1198, 3050303, 'Kajinge', 30503, NULL, NULL),
(1199, 3050304, 'Marantima', 30503, NULL, NULL),
(1200, 3050305, 'Rugendabari', 30503, NULL, NULL),
(1201, 3050306, 'Runyinya', 30503, NULL, NULL),
(1203, 3050401, 'Busunzu', 30504, NULL, NULL),
(1204, 3050402, 'Gaseke', 30504, NULL, NULL),
(1205, 3050403, 'Kabaya', 30504, NULL, NULL),
(1206, 3050404, 'Mwendo', 30504, NULL, NULL),
(1207, 3050405, 'Ngoma', 30504, NULL, NULL),
(1208, 3050406, 'Nyenyeri', 30504, NULL, NULL),
(1210, 3050501, 'Kageshi', 30505, NULL, NULL),
(1211, 3050502, 'Kirwa', 30505, NULL, NULL),
(1212, 3050503, 'Mukore', 30505, NULL, NULL),
(1213, 3050504, 'Muramba', 30505, NULL, NULL),
(1214, 3050505, 'Nyamata', 30505, NULL, NULL),
(1215, 3050506, 'Rwamamara', 30505, NULL, NULL),
(1217, 3050601, 'Birembo', 30506, NULL, NULL),
(1218, 3050602, 'Gitwa', 30506, NULL, NULL),
(1219, 3050603, 'Murinzi', 30506, NULL, NULL),
(1220, 3050604, 'Nyamugeyo', 30506, NULL, NULL),
(1221, 3050605, 'Rugeshi', 30506, NULL, NULL),
(1222, 3050606, 'Tetero', 30506, NULL, NULL),
(1224, 3050701, 'Binana', 30507, NULL, NULL),
(1225, 3050702, 'Gitega', 30507, NULL, NULL),
(1226, 3050703, 'Matare', 30507, NULL, NULL),
(1227, 3050704, 'Rutare', 30507, NULL, NULL),
(1228, 3050705, 'Rwamiko', 30507, NULL, NULL),
(1230, 3050801, 'Bugarura', 30508, NULL, NULL),
(1231, 3050802, 'Gasiza', 30508, NULL, NULL),
(1232, 3050803, 'Mashya', 30508, NULL, NULL),
(1233, 3050804, 'Nganzo', 30508, NULL, NULL),
(1234, 3050805, 'Ngoma', 30508, NULL, NULL),
(1235, 3050806, 'Rutagara', 30508, NULL, NULL),
(1237, 3050901, 'Bweramana', 30509, NULL, NULL),
(1238, 3050902, 'Mubuga', 30509, NULL, NULL),
(1239, 3050903, 'Myiha', 30509, NULL, NULL),
(1240, 3050904, 'Rugogwe', 30509, NULL, NULL),
(1241, 3050905, 'Rusororo', 30509, NULL, NULL),
(1242, 3050906, 'Sanza', 30509, NULL, NULL),
(1244, 3051001, 'Bijyojyo', 30510, NULL, NULL),
(1245, 3051002, 'Bitabage', 30510, NULL, NULL),
(1246, 3051003, 'Kabageshi', 30510, NULL, NULL),
(1247, 3051004, 'Kibanda', 30510, NULL, NULL),
(1248, 3051005, 'Kinyovi', 30510, NULL, NULL),
(1250, 3051101, 'Kaseke', 30511, NULL, NULL),
(1251, 3051102, 'Kazabe', 30511, NULL, NULL),
(1252, 3051103, 'Mugano', 30511, NULL, NULL),
(1253, 3051104, 'Nyange', 30511, NULL, NULL),
(1254, 3051105, 'Rususa', 30511, NULL, NULL),
(1255, 3051106, 'Torero', 30511, NULL, NULL),
(1257, 3051201, 'Bambiro', 30512, NULL, NULL),
(1258, 3051202, 'Gaseke', 30512, NULL, NULL),
(1259, 3051203, 'Nsibo', 30512, NULL, NULL),
(1260, 3051204, 'Vuganyana', 30512, NULL, NULL),
(1262, 3051301, 'Birembo', 30513, NULL, NULL),
(1263, 3051302, 'Kagano', 30513, NULL, NULL),
(1264, 3051303, 'Kanyana', 30513, NULL, NULL),
(1265, 3051304, 'Musenyi', 30513, NULL, NULL),
(1266, 3051305, 'Nyabipfura', 30513, NULL, NULL),
(1267, 3051306, 'Rutovu', 30513, NULL, NULL),
(1269, 3060101, 'Nyange', 30601, NULL, NULL),
(1270, 3060102, 'Pera', 30601, NULL, NULL),
(1271, 3060103, 'Ryankana', 30601, NULL, NULL),
(1273, 3060201, 'Butanda', 30602, NULL, NULL),
(1274, 3060202, 'Gatereri', 30602, NULL, NULL),
(1275, 3060203, 'Nyamihanda', 30602, NULL, NULL),
(1276, 3060204, 'Rwambogo', 30602, NULL, NULL),
(1278, 3060301, 'Gikungu', 30603, NULL, NULL),
(1279, 3060302, 'Kiyabo', 30603, NULL, NULL),
(1280, 3060303, 'Murwa', 30603, NULL, NULL),
(1281, 3060304, 'Nyamuzi', 30603, NULL, NULL),
(1282, 3060305, 'Rasano', 30603, NULL, NULL),
(1284, 3060401, 'Birembo', 30604, NULL, NULL),
(1285, 3060402, 'Buhokoro', 30604, NULL, NULL),
(1286, 3060403, 'Kabakobwa', 30604, NULL, NULL),
(1287, 3060404, 'Kacyuma', 30604, NULL, NULL),
(1288, 3060405, 'Kamurehe', 30604, NULL, NULL),
(1289, 3060406, 'Karemereye', 30604, NULL, NULL),
(1290, 3060407, 'Muti', 30604, NULL, NULL),
(1291, 3060408, 'Rusayo', 30604, NULL, NULL),
(1293, 3060501, 'Cyendajuru', 30605, NULL, NULL),
(1294, 3060502, 'Gakomeye', 30605, NULL, NULL),
(1295, 3060503, 'Giheke', 30605, NULL, NULL),
(1296, 3060504, 'Kamashangi', 30605, NULL, NULL),
(1297, 3060505, 'Kigenge', 30605, NULL, NULL),
(1298, 3060506, 'Ntura', 30605, NULL, NULL),
(1299, 3060507, 'Rwega', 30605, NULL, NULL),
(1300, 3060508, 'Turambi', 30605, NULL, NULL),
(1302, 3060601, 'Burunga', 30606, NULL, NULL),
(1303, 3060602, 'Gatsiro', 30606, NULL, NULL),
(1304, 3060603, 'Gihaya', 30606, NULL, NULL),
(1305, 3060604, 'Kagara', 30606, NULL, NULL),
(1306, 3060605, 'Kamatita', 30606, NULL, NULL),
(1307, 3060606, 'Shagasha', 30606, NULL, NULL),
(1309, 3060701, 'Kizura', 30607, NULL, NULL),
(1310, 3060702, 'Mpinga', 30607, NULL, NULL),
(1311, 3060703, 'Nyamigina', 30607, NULL, NULL),
(1313, 3060801, 'Cyingwa', 30608, NULL, NULL),
(1314, 3060802, 'Gahungeri', 30608, NULL, NULL),
(1315, 3060803, 'Hangabashi', 30608, NULL, NULL),
(1316, 3060804, 'Mashesha', 30608, NULL, NULL),
(1318, 3060901, 'Cyangugu', 30609, NULL, NULL),
(1319, 3060902, 'Gihundwe', 30609, NULL, NULL),
(1320, 3060903, 'Kamashangi', 30609, NULL, NULL),
(1321, 3060904, 'Kamurera', 30609, NULL, NULL),
(1322, 3060905, 'Ruganda', 30609, NULL, NULL),
(1324, 3061001, 'Cyarukara', 30610, NULL, NULL),
(1325, 3061002, 'Gakoni', 30610, NULL, NULL),
(1326, 3061003, 'Shara', 30610, NULL, NULL),
(1328, 3061101, 'Gahinga', 30611, NULL, NULL),
(1329, 3061102, 'Kabahinda', 30611, NULL, NULL),
(1330, 3061103, 'Kabasigirira', 30611, NULL, NULL),
(1331, 3061104, 'Kagarama', 30611, NULL, NULL),
(1332, 3061105, 'Karambi', 30611, NULL, NULL),
(1333, 3061106, 'Miko', 30611, NULL, NULL),
(1334, 3061107, 'Tara', 30611, NULL, NULL),
(1336, 3061201, 'Gitwa', 30612, NULL, NULL);
INSERT INTO `cells` (`id`, `codecell`, `nameCell`, `sectorcode`, `created_at`, `updated_at`) VALUES
(1337, 3061202, 'Kamanyenga', 30612, NULL, NULL),
(1338, 3061203, 'Kangazi', 30612, NULL, NULL),
(1339, 3061204, 'Kinyaga', 30612, NULL, NULL),
(1340, 3061205, 'Rugabano', 30612, NULL, NULL),
(1342, 3061301, 'Bigoga', 30613, NULL, NULL),
(1343, 3061302, 'Bugarura', 30613, NULL, NULL),
(1344, 3061303, 'Ishywa', 30613, NULL, NULL),
(1345, 3061304, 'Kamagimbo', 30613, NULL, NULL),
(1346, 3061305, 'Rwenje', 30613, NULL, NULL),
(1348, 3061401, 'Gatare', 30614, NULL, NULL),
(1349, 3061402, 'Kiziguro', 30614, NULL, NULL),
(1350, 3061403, 'Mataba', 30614, NULL, NULL),
(1351, 3061404, 'Ryamuhirwa', 30614, NULL, NULL),
(1353, 3061501, 'Gasebeya', 30615, NULL, NULL),
(1354, 3061502, 'Gaseke', 30615, NULL, NULL),
(1355, 3061503, 'Kamanu', 30615, NULL, NULL),
(1356, 3061504, 'Kiziho', 30615, NULL, NULL),
(1357, 3061505, 'Mashyuza', 30615, NULL, NULL),
(1358, 3061506, 'Nyabintare', 30615, NULL, NULL),
(1360, 3061601, 'Gatare', 30616, NULL, NULL),
(1361, 3061602, 'Kabagina', 30616, NULL, NULL),
(1362, 3061603, 'Kabuye', 30616, NULL, NULL),
(1363, 3061604, 'Kanoga', 30616, NULL, NULL),
(1364, 3061605, 'Karangiro', 30616, NULL, NULL),
(1365, 3061606, 'Murambi', 30616, NULL, NULL),
(1366, 3061607, 'Rusambu', 30616, NULL, NULL),
(1368, 3061701, 'Butambamo', 30617, NULL, NULL),
(1369, 3061702, 'Kigenge', 30617, NULL, NULL),
(1370, 3061703, 'Murya', 30617, NULL, NULL),
(1371, 3061704, 'Nyenji', 30617, NULL, NULL),
(1372, 3061705, 'Rebero', 30617, NULL, NULL),
(1373, 3061706, 'Rwinzuki', 30617, NULL, NULL),
(1375, 3061801, 'Karenge', 30618, NULL, NULL),
(1376, 3061802, 'Muhehwe', 30618, NULL, NULL),
(1377, 3061803, 'Mushaka', 30618, NULL, NULL),
(1378, 3061804, 'Rubugu', 30618, NULL, NULL),
(1379, 3061805, 'Ruganda', 30618, NULL, NULL),
(1381, 3070101, 'Buvungira', 30701, NULL, NULL),
(1382, 3070102, 'Mpumbu', 30701, NULL, NULL),
(1383, 3070103, 'Ngoma', 30701, NULL, NULL),
(1384, 3070104, 'Nyarusange', 30701, NULL, NULL),
(1386, 3070201, 'Gasheke', 30702, NULL, NULL),
(1387, 3070202, 'Impala', 30702, NULL, NULL),
(1388, 3070203, 'Kagatamu', 30702, NULL, NULL),
(1389, 3070204, 'Karusimbi', 30702, NULL, NULL),
(1391, 3070301, 'Bisumo', 30703, NULL, NULL),
(1392, 3070302, 'Murambi', 30703, NULL, NULL),
(1393, 3070303, 'Mutongo', 30703, NULL, NULL),
(1394, 3070304, 'Rugari', 30703, NULL, NULL),
(1396, 3070401, 'Butare', 30704, NULL, NULL),
(1397, 3070402, 'Gitwa', 30704, NULL, NULL),
(1398, 3070403, 'Jarama', 30704, NULL, NULL),
(1399, 3070404, 'Kibingo', 30704, NULL, NULL),
(1400, 3070405, 'Mubuga', 30704, NULL, NULL),
(1402, 3070501, 'Gako', 30705, NULL, NULL),
(1403, 3070502, 'Mubumbano', 30705, NULL, NULL),
(1404, 3070503, 'Ninzi', 30705, NULL, NULL),
(1405, 3070504, 'Rwesero', 30705, NULL, NULL),
(1406, 3070505, 'Shara', 30705, NULL, NULL),
(1408, 3070601, 'Kibogora', 30706, NULL, NULL),
(1409, 3070602, 'Kigarama', 30706, NULL, NULL),
(1410, 3070603, 'Kigoya', 30706, NULL, NULL),
(1411, 3070604, 'Raro', 30706, NULL, NULL),
(1412, 3070605, 'Susa', 30706, NULL, NULL),
(1414, 3070701, 'Gasovu', 30707, NULL, NULL),
(1415, 3070702, 'Gitwe', 30707, NULL, NULL),
(1416, 3070703, 'Kabuga', 30707, NULL, NULL),
(1417, 3070704, 'Kagarama', 30707, NULL, NULL),
(1418, 3070705, 'Rushyarara', 30707, NULL, NULL),
(1420, 3070801, 'Gasayo', 30708, NULL, NULL),
(1421, 3070802, 'Gashashi', 30708, NULL, NULL),
(1422, 3070803, 'Higiro', 30708, NULL, NULL),
(1423, 3070804, 'Miko', 30708, NULL, NULL),
(1424, 3070805, 'Mwezi', 30708, NULL, NULL),
(1426, 3070901, 'Cyimpindu', 30709, NULL, NULL),
(1427, 3070902, 'Karengera', 30709, NULL, NULL),
(1428, 3070903, 'Muhororo', 30709, NULL, NULL),
(1429, 3070904, 'Nyarusange', 30709, NULL, NULL),
(1431, 3071001, 'Gatare', 30710, NULL, NULL),
(1432, 3071002, 'Mutongo', 30710, NULL, NULL),
(1433, 3071003, 'Nyakabingo', 30710, NULL, NULL),
(1434, 3071004, 'Rugari', 30710, NULL, NULL),
(1435, 3071005, 'Vugangoma', 30710, NULL, NULL),
(1437, 3071101, 'Gisoke', 30711, NULL, NULL),
(1438, 3071102, 'Kagarama', 30711, NULL, NULL),
(1439, 3071103, 'Nyagatare', 30711, NULL, NULL),
(1440, 3071104, 'Nyakavumu', 30711, NULL, NULL),
(1442, 3071201, 'Kigabiro', 30712, NULL, NULL),
(1443, 3071202, 'Kinunga', 30712, NULL, NULL),
(1444, 3071203, 'Mariba', 30712, NULL, NULL),
(1445, 3071204, 'Muyange', 30712, NULL, NULL),
(1446, 3071205, 'Ntango', 30712, NULL, NULL),
(1448, 3071301, 'Banda', 30713, NULL, NULL),
(1449, 3071302, 'Gakenke', 30713, NULL, NULL),
(1450, 3071303, 'Jurwe', 30713, NULL, NULL),
(1451, 3071304, 'Murambi', 30713, NULL, NULL),
(1453, 3071401, 'Kanazi', 30714, NULL, NULL),
(1454, 3071402, 'Ntendezi', 30714, NULL, NULL),
(1455, 3071403, 'Save', 30714, NULL, NULL),
(1456, 3071404, 'Wimana', 30714, NULL, NULL),
(1458, 3071501, 'Burimba', 30715, NULL, NULL),
(1459, 3071502, 'Mataba', 30715, NULL, NULL),
(1460, 3071503, 'Mugera', 30715, NULL, NULL),
(1461, 3071504, 'Nyamugari', 30715, NULL, NULL),
(1462, 3071505, 'Shangi', 30715, NULL, NULL),
(1464, 4010101, 'Cyohoha', 40101, NULL, NULL),
(1465, 4010102, 'Gitare', 40101, NULL, NULL),
(1466, 4010103, 'Rwamahwa', 40101, NULL, NULL),
(1468, 4010201, 'Butangampundu', 40102, NULL, NULL),
(1469, 4010202, 'Karengeri', 40102, NULL, NULL),
(1470, 4010203, 'Taba', 40102, NULL, NULL),
(1472, 4010301, 'Gasiza', 40103, NULL, NULL),
(1473, 4010302, 'Giko', 40103, NULL, NULL),
(1474, 4010303, 'Kayenzi', 40103, NULL, NULL),
(1475, 4010304, 'Mukoto', 40103, NULL, NULL),
(1476, 4010305, 'Nyirangarama', 40103, NULL, NULL),
(1478, 4010401, 'Busoro', 40104, NULL, NULL),
(1479, 4010402, 'Butare', 40104, NULL, NULL),
(1480, 4010403, 'Gahororo', 40104, NULL, NULL),
(1481, 4010404, 'Gitumba', 40104, NULL, NULL),
(1482, 4010405, 'Karama', 40104, NULL, NULL),
(1483, 4010406, 'Mwumba', 40104, NULL, NULL),
(1484, 4010407, 'Ndarage', 40104, NULL, NULL),
(1486, 4010501, 'Budakiranya', 40105, NULL, NULL),
(1487, 4010502, 'Migendezo', 40105, NULL, NULL),
(1488, 4010503, 'Rudogo', 40105, NULL, NULL),
(1490, 4010601, 'Burehe', 40106, NULL, NULL),
(1491, 4010602, 'Marembo', 40106, NULL, NULL),
(1492, 4010603, 'Rwili', 40106, NULL, NULL),
(1494, 4010701, 'Butunzi', 40107, NULL, NULL),
(1495, 4010702, 'Karegamazi', 40107, NULL, NULL),
(1496, 4010703, 'Marembo', 40107, NULL, NULL),
(1497, 4010704, 'Rebero', 40107, NULL, NULL),
(1499, 4010801, 'Gitatsa', 40108, NULL, NULL),
(1500, 4010802, 'Kamushenyi', 40108, NULL, NULL),
(1501, 4010803, 'Kigarama', 40108, NULL, NULL),
(1502, 4010804, 'Mubuga', 40108, NULL, NULL),
(1503, 4010805, 'Murama', 40108, NULL, NULL),
(1504, 4010806, 'Sayo', 40108, NULL, NULL),
(1506, 4010901, 'Kabuga', 40109, NULL, NULL),
(1507, 4010902, 'Kigarama', 40109, NULL, NULL),
(1508, 4010903, 'Kivugiza', 40109, NULL, NULL),
(1509, 4010904, 'Nyamyumba', 40109, NULL, NULL),
(1510, 4010905, 'Shengampuli', 40109, NULL, NULL),
(1512, 4011001, 'Bukoro', 40110, NULL, NULL),
(1513, 4011002, 'Mushari', 40110, NULL, NULL),
(1514, 4011003, 'Ngiramazi', 40110, NULL, NULL),
(1515, 4011004, 'Rurenge', 40110, NULL, NULL),
(1517, 4011101, 'Bubangu', 40111, NULL, NULL),
(1518, 4011102, 'Gatwa', 40111, NULL, NULL),
(1519, 4011103, 'Mugambazi', 40111, NULL, NULL),
(1520, 4011104, 'Mvuzo', 40111, NULL, NULL),
(1522, 4011201, 'Kabuga', 40112, NULL, NULL),
(1523, 4011202, 'Karambo', 40112, NULL, NULL),
(1524, 4011203, 'Mugote', 40112, NULL, NULL),
(1525, 4011204, 'Munyarwanda', 40112, NULL, NULL),
(1527, 4011301, 'Kajevuba', 40113, NULL, NULL),
(1528, 4011302, 'Kiyanza', 40113, NULL, NULL),
(1529, 4011303, 'Mahaza', 40113, NULL, NULL),
(1531, 4011401, 'Buraro', 40114, NULL, NULL),
(1532, 4011402, 'Bwimo', 40114, NULL, NULL),
(1533, 4011403, 'Mberuka', 40114, NULL, NULL),
(1534, 4011404, 'Mbuye', 40114, NULL, NULL),
(1536, 4011501, 'Gako', 40115, NULL, NULL),
(1537, 4011502, 'Kirenge', 40115, NULL, NULL),
(1538, 4011503, 'Taba', 40115, NULL, NULL),
(1540, 4011601, 'Bugaragara', 40116, NULL, NULL),
(1541, 4011602, 'Kijabagwe', 40116, NULL, NULL),
(1542, 4011603, 'Muvumu', 40116, NULL, NULL),
(1543, 4011604, 'Rubona', 40116, NULL, NULL),
(1544, 4011605, 'Rutonde', 40116, NULL, NULL),
(1546, 4011701, 'Barari', 40117, NULL, NULL),
(1547, 4011702, 'Gahabwa', 40117, NULL, NULL),
(1548, 4011703, 'Misezero', 40117, NULL, NULL),
(1549, 4011704, 'Nyirabirori', 40117, NULL, NULL),
(1550, 4011705, 'Taba', 40117, NULL, NULL),
(1552, 4020101, 'Birambo ', 40201, NULL, NULL),
(1553, 4020102, 'Butereri ', 40201, NULL, NULL),
(1554, 4020103, 'Byibuhiro ', 40201, NULL, NULL),
(1555, 4020104, 'Kamina ', 40201, NULL, NULL),
(1556, 4020105, 'Kirabo ', 40201, NULL, NULL),
(1557, 4020106, 'Mwumba ', 40201, NULL, NULL),
(1558, 4020107, 'Ruhanga ', 40201, NULL, NULL),
(1560, 4020201, 'Kiruku ', 40202, NULL, NULL),
(1561, 4020202, 'Mbirima ', 40202, NULL, NULL),
(1562, 4020203, 'Nyange ', 40202, NULL, NULL),
(1563, 4020204, 'Nyanza ', 40202, NULL, NULL),
(1565, 4020301, 'Muhaza ', 40203, NULL, NULL),
(1566, 4020302, 'Muhororo ', 40203, NULL, NULL),
(1567, 4020303, 'Muramba ', 40203, NULL, NULL),
(1568, 4020304, 'Mutanda ', 40203, NULL, NULL),
(1569, 4020305, 'Rukore ', 40203, NULL, NULL),
(1571, 4020401, 'Buheta ', 40204, NULL, NULL),
(1572, 4020402, 'Kagoma ', 40204, NULL, NULL),
(1573, 4020403, 'Nganzo ', 40204, NULL, NULL),
(1574, 4020404, 'Rusagara ', 40204, NULL, NULL),
(1576, 4020501, 'Nyacyina ', 40205, NULL, NULL),
(1577, 4020502, 'Rukura ', 40205, NULL, NULL),
(1578, 4020503, 'Rutabo ', 40205, NULL, NULL),
(1579, 4020504, 'Rutenderi ', 40205, NULL, NULL),
(1580, 4020505, 'Taba ', 40205, NULL, NULL),
(1582, 4020601, 'Gakindo ', 40206, NULL, NULL),
(1583, 4020602, 'Gashyamba ', 40206, NULL, NULL),
(1584, 4020603, 'Gatwa ', 40206, NULL, NULL),
(1585, 4020604, 'Karukungu ', 40206, NULL, NULL),
(1587, 4020701, 'Kamubuga ', 40207, NULL, NULL),
(1588, 4020702, 'Kidomo ', 40207, NULL, NULL),
(1589, 4020703, 'Mbatabata ', 40207, NULL, NULL),
(1590, 4020704, 'Rukore ', 40207, NULL, NULL),
(1592, 4020801, 'Kanyanza ', 40208, NULL, NULL),
(1593, 4020802, 'Karambo ', 40208, NULL, NULL),
(1594, 4020803, 'Kirebe ', 40208, NULL, NULL),
(1596, 4020901, 'Cyintare ', 40209, NULL, NULL),
(1597, 4020902, 'Gasiza ', 40209, NULL, NULL),
(1598, 4020903, 'Rugimbu ', 40209, NULL, NULL),
(1599, 4020904, 'Ruhinga ', 40209, NULL, NULL),
(1600, 4020905, 'Sereri ', 40209, NULL, NULL),
(1602, 4021001, 'Buyange ', 40210, NULL, NULL),
(1603, 4021002, 'Gikombe ', 40210, NULL, NULL),
(1604, 4021003, 'Nyundo ', 40210, NULL, NULL),
(1606, 4021101, 'Gasiho ', 40211, NULL, NULL),
(1607, 4021102, 'Munyana ', 40211, NULL, NULL),
(1608, 4021103, 'Murambi ', 40211, NULL, NULL),
(1609, 4021104, 'Raba ', 40211, NULL, NULL),
(1611, 4021201, 'Gahinga ', 40212, NULL, NULL),
(1612, 4021202, 'Munyana ', 40212, NULL, NULL),
(1613, 4021203, 'Mutego ', 40212, NULL, NULL),
(1614, 4021204, 'Nkomane ', 40212, NULL, NULL),
(1615, 4021205, 'Rutabo ', 40212, NULL, NULL),
(1616, 4021206, 'Rutenderi ', 40212, NULL, NULL),
(1617, 4021207, 'Rwamambe ', 40212, NULL, NULL),
(1619, 4021301, 'Busake', 40213, NULL, NULL),
(1620, 4021302, 'Bwenda', 40213, NULL, NULL),
(1621, 4021303, 'Gasiza ', 40213, NULL, NULL),
(1622, 4021304, 'Gihinga ', 40213, NULL, NULL),
(1623, 4021305, 'Huro ', 40213, NULL, NULL),
(1624, 4021306, 'Musagara ', 40213, NULL, NULL),
(1625, 4021307, 'Musenyi ', 40213, NULL, NULL),
(1626, 4021308, 'Ruganda ', 40213, NULL, NULL),
(1627, 4021309, 'Rwinkuba ', 40213, NULL, NULL),
(1629, 4021401, 'Bumba ', 40214, NULL, NULL),
(1630, 4021402, 'Gisiza ', 40214, NULL, NULL),
(1631, 4021403, 'Karyango ', 40214, NULL, NULL),
(1632, 4021404, 'Nganzo ', 40214, NULL, NULL),
(1633, 4021405, 'Va ', 40214, NULL, NULL),
(1635, 4021501, 'Kabatezi ', 40215, NULL, NULL),
(1636, 4021502, 'Kiryamo ', 40215, NULL, NULL),
(1637, 4021503, 'Mubuga ', 40215, NULL, NULL),
(1638, 4021504, 'Mwiyando ', 40215, NULL, NULL),
(1639, 4021505, 'Rwa ', 40215, NULL, NULL),
(1641, 4021601, 'Buranga ', 40216, NULL, NULL),
(1642, 4021602, 'Gahinga ', 40216, NULL, NULL),
(1643, 4021603, 'Gisozi ', 40216, NULL, NULL),
(1644, 4021604, 'Mucaca ', 40216, NULL, NULL),
(1646, 4021701, 'Busoro ', 40217, NULL, NULL),
(1647, 4021702, 'Gikingo ', 40217, NULL, NULL),
(1648, 4021703, 'Jango ', 40217, NULL, NULL),
(1649, 4021704, 'Ruli ', 40217, NULL, NULL),
(1650, 4021705, 'Rwesero ', 40217, NULL, NULL),
(1652, 4021801, 'Gataba ', 40218, NULL, NULL),
(1653, 4021802, 'Kamonyi ', 40218, NULL, NULL),
(1654, 4021803, 'Murambi ', 40218, NULL, NULL),
(1655, 4021804, 'Nyundo ', 40218, NULL, NULL),
(1656, 4021805, 'Rumbi ', 40218, NULL, NULL),
(1657, 4021806, 'Rurembo ', 40218, NULL, NULL),
(1659, 4021901, 'Burimba ', 40219, NULL, NULL),
(1660, 4021902, 'Busanane ', 40219, NULL, NULL),
(1661, 4021903, 'Joma ', 40219, NULL, NULL),
(1662, 4021904, 'Kageyo ', 40219, NULL, NULL),
(1663, 4021905, 'Mbogo ', 40219, NULL, NULL),
(1664, 4021906, 'Razi ', 40219, NULL, NULL),
(1665, 4021907, 'Rwankuba ', 40219, NULL, NULL),
(1666, 4021908, 'Shyombwe ', 40219, NULL, NULL),
(1668, 4030101, 'Gisesero', 40301, NULL, NULL),
(1669, 4030102, 'Kavumu', 40301, NULL, NULL),
(1670, 4030103, 'Nyagisozi', 40301, NULL, NULL),
(1671, 4030104, 'Sahara', 40301, NULL, NULL),
(1673, 4030201, 'Bukinanyana', 40302, NULL, NULL),
(1674, 4030202, 'Buruba', 40302, NULL, NULL),
(1675, 4030203, 'Cyanya', 40302, NULL, NULL),
(1676, 4030204, 'Kabeza', 40302, NULL, NULL),
(1677, 4030205, 'Migeshi', 40302, NULL, NULL),
(1678, 4030206, 'Rwebeya', 40302, NULL, NULL),
(1680, 4030301, 'Gakoro', 40303, NULL, NULL),
(1681, 4030302, 'Gasakuza', 40303, NULL, NULL),
(1682, 4030303, 'Kabirizi', 40303, NULL, NULL),
(1683, 4030304, 'Karwasa', 40303, NULL, NULL),
(1685, 4030401, 'Kigabiro', 40304, NULL, NULL),
(1686, 4030402, 'Kivumu', 40304, NULL, NULL),
(1687, 4030403, 'Mbwe', 40304, NULL, NULL),
(1688, 4030404, 'Muharuro', 40304, NULL, NULL),
(1690, 4030501, 'Mudakama', 40305, NULL, NULL),
(1691, 4030502, 'Murago', 40305, NULL, NULL),
(1692, 4030503, 'Rubindi', 40305, NULL, NULL),
(1693, 4030504, 'Rungu', 40305, NULL, NULL),
(1695, 4030601, 'Birira', 40306, NULL, NULL),
(1696, 4030602, 'Buramira', 40306, NULL, NULL),
(1697, 4030603, 'Kivumu', 40306, NULL, NULL),
(1698, 4030604, 'Mbizi', 40306, NULL, NULL),
(1700, 4030701, 'Bisoke', 40307, NULL, NULL),
(1701, 4030702, 'Kaguhu', 40307, NULL, NULL),
(1702, 4030703, 'Kampanga', 40307, NULL, NULL),
(1703, 4030704, 'Nyabigoma', 40307, NULL, NULL),
(1704, 4030705, 'Nyonirima', 40307, NULL, NULL),
(1706, 4030801, 'Cyabararika', 40308, NULL, NULL),
(1707, 4030802, 'Kigombe', 40308, NULL, NULL),
(1708, 4030803, 'Mpenge', 40308, NULL, NULL),
(1709, 4030804, 'Ruhengeri', 40308, NULL, NULL),
(1711, 4030901, 'Cyivugiza', 40309, NULL, NULL),
(1712, 4030902, 'Cyogo', 40309, NULL, NULL),
(1713, 4030903, 'Mburabuturo', 40309, NULL, NULL),
(1714, 4030904, 'Songa', 40309, NULL, NULL),
(1716, 4031001, 'Cyabagarura', 40310, NULL, NULL),
(1717, 4031002, 'Garuka', 40310, NULL, NULL),
(1718, 4031003, 'Kabazungu', 40310, NULL, NULL),
(1719, 4031004, 'Nyarubuye', 40310, NULL, NULL),
(1720, 4031005, 'Rwambogo', 40310, NULL, NULL),
(1722, 4031101, 'Bikara', 40311, NULL, NULL),
(1723, 4031102, 'Gashinga', 40311, NULL, NULL),
(1724, 4031103, 'Mubago', 40311, NULL, NULL),
(1725, 4031104, 'Rugeshi', 40311, NULL, NULL),
(1726, 4031105, 'Ruyumba', 40311, NULL, NULL),
(1728, 4031201, 'Cyivugiza', 40312, NULL, NULL),
(1729, 4031202, 'Kabeza', 40312, NULL, NULL),
(1730, 4031203, 'Kamwumba', 40312, NULL, NULL),
(1731, 4031204, 'Muhabura', 40312, NULL, NULL),
(1732, 4031205, 'Ninda', 40312, NULL, NULL),
(1734, 4031301, 'Gasongero', 40313, NULL, NULL),
(1735, 4031302, 'Kamisave', 40313, NULL, NULL),
(1736, 4031303, 'Murandi', 40313, NULL, NULL),
(1737, 4031304, 'Murwa', 40313, NULL, NULL),
(1738, 4031305, 'Rurambo', 40313, NULL, NULL),
(1740, 4031401, 'Bumara', 40314, NULL, NULL),
(1741, 4031402, 'Kabushinge', 40314, NULL, NULL),
(1742, 4031403, 'Musezero', 40314, NULL, NULL),
(1743, 4031404, 'Nturo', 40314, NULL, NULL),
(1744, 4031405, 'Nyarubuye', 40314, NULL, NULL),
(1746, 4031501, 'Gakingo', 40315, NULL, NULL),
(1747, 4031502, 'Kibuguzo', 40315, NULL, NULL),
(1748, 4031503, 'Mudende', 40315, NULL, NULL),
(1749, 4031504, 'Mugari', 40315, NULL, NULL),
(1751, 4040101, 'Bungwe', 40401, NULL, NULL),
(1752, 4040102, 'Bushenya', 40401, NULL, NULL),
(1753, 4040103, 'Mudugari', 40401, NULL, NULL),
(1754, 4040104, 'Tumba', 40401, NULL, NULL),
(1756, 4040201, 'Gatsibo', 40402, NULL, NULL),
(1757, 4040202, 'Mubuga', 40402, NULL, NULL),
(1758, 4040203, 'Muhotora', 40402, NULL, NULL),
(1759, 4040204, 'Nyamicucu', 40402, NULL, NULL),
(1760, 4040205, 'Rusumo', 40402, NULL, NULL),
(1762, 4040301, 'Gasiza', 40403, NULL, NULL),
(1763, 4040302, 'Gisovu', 40403, NULL, NULL),
(1764, 4040303, 'Kabyiniro', 40403, NULL, NULL),
(1765, 4040304, 'Kagitega', 40403, NULL, NULL),
(1766, 4040305, 'Kamanyana', 40403, NULL, NULL),
(1767, 4040306, 'Nyagahinga', 40403, NULL, NULL),
(1769, 4040401, 'Butare', 40404, NULL, NULL),
(1770, 4040402, 'Ndongozi', 40404, NULL, NULL),
(1771, 4040403, 'Ruyange', 40404, NULL, NULL),
(1773, 4040501, 'Buramba', 40405, NULL, NULL),
(1774, 4040502, 'Gisizi', 40405, NULL, NULL),
(1775, 4040503, 'Kidakama', 40405, NULL, NULL),
(1776, 4040504, 'Nyangwe', 40405, NULL, NULL),
(1777, 4040505, 'Rwasa', 40405, NULL, NULL),
(1779, 4040601, 'Gabiro', 40406, NULL, NULL),
(1780, 4040602, 'Musenda', 40406, NULL, NULL),
(1781, 4040603, 'Rwambogo', 40406, NULL, NULL),
(1782, 4040604, 'Rwasa', 40406, NULL, NULL),
(1784, 4040701, 'Mariba', 40407, NULL, NULL),
(1785, 4040702, 'Musasa', 40407, NULL, NULL),
(1786, 4040703, 'Runoga', 40407, NULL, NULL),
(1788, 4040801, 'Kabaya', 40408, NULL, NULL),
(1789, 4040802, 'Kayenzi', 40408, NULL, NULL),
(1790, 4040803, 'Kiringa', 40408, NULL, NULL),
(1791, 4040804, 'Nyamabuye', 40408, NULL, NULL),
(1793, 4040901, 'Gafuka', 40409, NULL, NULL),
(1794, 4040902, 'Nkenke', 40409, NULL, NULL),
(1795, 4040903, 'Nkumba', 40409, NULL, NULL),
(1796, 4040904, 'Ntaruka', 40409, NULL, NULL),
(1798, 4041001, 'Bugamba', 40410, NULL, NULL),
(1799, 4041002, 'Kaganda', 40410, NULL, NULL),
(1800, 4041003, 'Musasa', 40410, NULL, NULL),
(1801, 4041004, 'Rutovu', 40410, NULL, NULL),
(1803, 4041101, 'Bukwashuri', 40411, NULL, NULL),
(1804, 4041102, 'Gashanje', 40411, NULL, NULL),
(1805, 4041103, 'Murwa', 40411, NULL, NULL),
(1806, 4041104, 'Nyirataba', 40411, NULL, NULL),
(1808, 4041201, 'Kivumu', 40412, NULL, NULL),
(1809, 4041202, 'Nyamugari', 40412, NULL, NULL),
(1810, 4041203, 'Rubona', 40412, NULL, NULL),
(1811, 4041204, 'Rushara', 40412, NULL, NULL),
(1813, 4041301, 'Cyahi', 40413, NULL, NULL),
(1814, 4041302, 'Gafumba', 40413, NULL, NULL),
(1815, 4041303, 'Karangara', 40413, NULL, NULL),
(1816, 4041304, 'Rurembo', 40413, NULL, NULL),
(1818, 4041401, 'Kilibata', 40414, NULL, NULL),
(1819, 4041402, 'Mucaca', 40414, NULL, NULL),
(1820, 4041403, 'Nyanamo', 40414, NULL, NULL),
(1821, 4041404, 'Rukandabyuma', 40414, NULL, NULL),
(1823, 4041501, 'Gaseke', 40415, NULL, NULL),
(1824, 4041502, 'Gatare', 40415, NULL, NULL),
(1825, 4041503, 'Gitovu', 40415, NULL, NULL),
(1826, 4041504, 'Rusekera', 40415, NULL, NULL),
(1828, 4041601, 'Kabona', 40416, NULL, NULL),
(1829, 4041602, 'Ndago', 40416, NULL, NULL),
(1830, 4041603, 'Ruhanga', 40416, NULL, NULL),
(1832, 4041701, 'Gacundura', 40417, NULL, NULL),
(1833, 4041702, 'Gashoro', 40417, NULL, NULL),
(1834, 4041703, 'Ruconsho', 40417, NULL, NULL),
(1835, 4041704, 'Rugari', 40417, NULL, NULL),
(1837, 4050101, 'Karenge', 40501, NULL, NULL),
(1838, 4050102, 'Kigabiro', 40501, NULL, NULL),
(1839, 4050103, 'Kivumu', 40501, NULL, NULL),
(1840, 4050104, 'Rwesero', 40501, NULL, NULL),
(1842, 4050201, 'Bwisige', 40502, NULL, NULL),
(1843, 4050202, 'Gihuke', 40502, NULL, NULL),
(1844, 4050203, 'Mukono', 40502, NULL, NULL),
(1845, 4050204, 'Nyabushingitwa', 40502, NULL, NULL),
(1847, 4050301, 'Gacurabwenge', 40503, NULL, NULL),
(1848, 4050302, 'Gisuna', 40503, NULL, NULL),
(1849, 4050303, 'Kibali', 40503, NULL, NULL),
(1850, 4050304, 'Kivugiza', 40503, NULL, NULL),
(1851, 4050305, 'Murama', 40503, NULL, NULL),
(1852, 4050306, 'Ngondore', 40503, NULL, NULL),
(1853, 4050307, 'Nyakabungo', 40503, NULL, NULL),
(1854, 4050308, 'Nyamabuye', 40503, NULL, NULL),
(1855, 4050309, 'Nyarutarama', 40503, NULL, NULL),
(1857, 4050401, 'Gasunzu', 40504, NULL, NULL),
(1858, 4050402, 'Muhambo', 40504, NULL, NULL),
(1859, 4050403, 'Nyakabungo', 40504, NULL, NULL),
(1860, 4050404, 'Nyambare', 40504, NULL, NULL),
(1861, 4050405, 'Nyaruka', 40504, NULL, NULL),
(1862, 4050406, 'Rwankonjo', 40504, NULL, NULL),
(1864, 4050501, 'Gatobotobo', 40505, NULL, NULL),
(1865, 4050502, 'Murehe', 40505, NULL, NULL),
(1866, 4050503, 'Tanda', 40505, NULL, NULL),
(1868, 4050601, 'Gihembe', 40506, NULL, NULL),
(1869, 4050602, 'Horezo', 40506, NULL, NULL),
(1870, 4050603, 'Kabuga', 40506, NULL, NULL),
(1871, 4050604, 'Muhondo', 40506, NULL, NULL),
(1872, 4050605, 'Nyamiyaga', 40506, NULL, NULL),
(1874, 4050701, 'Bugomba', 40507, NULL, NULL),
(1875, 4050702, 'Gatoma', 40507, NULL, NULL),
(1876, 4050703, 'Mulindi', 40507, NULL, NULL),
(1877, 4050704, 'Nyarwambu', 40507, NULL, NULL),
(1878, 4050705, 'Rukurura', 40507, NULL, NULL),
(1880, 4050801, 'Kabuga', 40508, NULL, NULL),
(1881, 4050802, 'Nyiragifumba', 40508, NULL, NULL),
(1882, 4050803, 'Nyiravugiza', 40508, NULL, NULL),
(1883, 4050804, 'Remera', 40508, NULL, NULL),
(1884, 4050805, 'Rusekera', 40508, NULL, NULL),
(1885, 4050806, 'Ryaruyumba', 40508, NULL, NULL),
(1887, 4050901, 'Gakenke', 40509, NULL, NULL),
(1888, 4050902, 'Miyove', 40509, NULL, NULL),
(1889, 4050903, 'Mubuga', 40509, NULL, NULL),
(1891, 4051001, 'Cyamuganga', 40510, NULL, NULL),
(1892, 4051002, 'Gatenga', 40510, NULL, NULL),
(1893, 4051003, 'Kiruhura', 40510, NULL, NULL),
(1894, 4051004, 'Mutarama', 40510, NULL, NULL),
(1895, 4051005, 'Rugerero', 40510, NULL, NULL),
(1896, 4051006, 'Rusambya', 40510, NULL, NULL),
(1898, 4051101, 'Cyamuhinda', 40511, NULL, NULL),
(1899, 4051102, 'Kigoma', 40511, NULL, NULL),
(1900, 4051103, 'Mwendo', 40511, NULL, NULL),
(1901, 4051104, 'Ngange', 40511, NULL, NULL),
(1902, 4051105, 'Rebero', 40511, NULL, NULL),
(1904, 4051201, 'Gaseke', 40512, NULL, NULL),
(1905, 4051202, 'Kabeza', 40512, NULL, NULL),
(1906, 4051203, 'Musenyi', 40512, NULL, NULL),
(1907, 4051204, 'Mutandi', 40512, NULL, NULL),
(1908, 4051205, 'Nyarubuye', 40512, NULL, NULL),
(1910, 4051301, 'Gahumuliza', 40513, NULL, NULL),
(1911, 4051302, 'Jamba', 40513, NULL, NULL),
(1912, 4051303, 'Kabeza', 40513, NULL, NULL),
(1913, 4051304, 'Kabuga', 40513, NULL, NULL),
(1914, 4051305, 'Karambo', 40513, NULL, NULL),
(1915, 4051306, 'Kiziba', 40513, NULL, NULL),
(1916, 4051307, 'Mataba', 40513, NULL, NULL),
(1918, 4051401, 'Butare', 40514, NULL, NULL),
(1919, 4051402, 'Kigogo', 40514, NULL, NULL),
(1920, 4051403, 'Kinishya', 40514, NULL, NULL),
(1921, 4051404, 'Rusasa', 40514, NULL, NULL),
(1922, 4051405, 'Rutete', 40514, NULL, NULL),
(1923, 4051406, 'Rwagihura', 40514, NULL, NULL),
(1924, 4051407, 'Yaramba', 40514, NULL, NULL),
(1926, 4051501, 'Gihanga', 40515, NULL, NULL),
(1927, 4051502, 'Gishambashayo', 40515, NULL, NULL),
(1928, 4051503, 'Gishari', 40515, NULL, NULL),
(1929, 4051504, 'Muguramo', 40515, NULL, NULL),
(1930, 4051505, 'Nyamiyaga', 40515, NULL, NULL),
(1932, 4051601, 'Cyeya', 40516, NULL, NULL),
(1933, 4051602, 'Cyuru', 40516, NULL, NULL),
(1934, 4051603, 'Gisiza', 40516, NULL, NULL),
(1935, 4051604, 'Kinyami', 40516, NULL, NULL),
(1936, 4051605, 'Mabare', 40516, NULL, NULL),
(1937, 4051606, 'Munyinya', 40516, NULL, NULL),
(1939, 4051701, 'Gitega', 40517, NULL, NULL),
(1940, 4051702, 'Kamutora', 40517, NULL, NULL),
(1941, 4051703, 'Karurama', 40517, NULL, NULL),
(1943, 4051801, 'Bikumba', 40518, NULL, NULL),
(1944, 4051802, 'Gasharu', 40518, NULL, NULL),
(1945, 4051803, 'Gatwaro', 40518, NULL, NULL),
(1946, 4051804, 'Kigabiro', 40518, NULL, NULL),
(1947, 4051805, 'Munanira', 40518, NULL, NULL),
(1948, 4051806, 'Nkoto', 40518, NULL, NULL),
(1950, 4051901, 'Cyandaro', 40519, NULL, NULL),
(1951, 4051902, 'Gasambya', 40519, NULL, NULL),
(1952, 4051903, 'Gashirira', 40519, NULL, NULL),
(1953, 4051904, 'Kabare', 40519, NULL, NULL),
(1954, 4051905, 'Rebero', 40519, NULL, NULL),
(1955, 4051906, 'Ruhondo', 40519, NULL, NULL),
(1957, 4052001, 'Cyeru', 40520, NULL, NULL),
(1958, 4052002, 'Kigabiro', 40520, NULL, NULL),
(1959, 4052003, 'Nyagahinga', 40520, NULL, NULL),
(1961, 4052101, 'Bushara', 40521, NULL, NULL),
(1962, 4052102, 'Kitazigurwa', 40521, NULL, NULL),
(1963, 4052103, 'Nyabishambi', 40521, NULL, NULL),
(1964, 4052104, 'Nyabubare', 40521, NULL, NULL),
(1965, 4052105, 'Shangasha', 40521, NULL, NULL),
(1967, 5010101, 'Mununu', 50101, NULL, NULL),
(1968, 5010102, 'Nyagasambu', 50101, NULL, NULL),
(1969, 5010103, 'Nyakagunga', 50101, NULL, NULL),
(1970, 5010104, 'Nyamirama', 50101, NULL, NULL),
(1971, 5010105, 'Nyarubuye', 50101, NULL, NULL),
(1972, 5010106, 'Sasabirago', 50101, NULL, NULL),
(1974, 5010201, 'Gihumuza', 50102, NULL, NULL),
(1975, 5010202, 'Kagezi', 50102, NULL, NULL),
(1976, 5010203, 'Kanyangese', 50102, NULL, NULL),
(1977, 5010204, 'Kibare', 50102, NULL, NULL),
(1978, 5010205, 'Mutamwa', 50102, NULL, NULL),
(1979, 5010206, 'Rugarama', 50102, NULL, NULL),
(1980, 5010207, 'Runyinya', 50102, NULL, NULL),
(1981, 5010208, 'Rweri', 50102, NULL, NULL),
(1983, 5010301, 'Binunga', 50103, NULL, NULL),
(1984, 5010302, 'Bwinsanga', 50103, NULL, NULL),
(1985, 5010303, 'Cyinyana', 50103, NULL, NULL),
(1986, 5010304, 'Gati', 50103, NULL, NULL),
(1987, 5010305, 'Kavumu', 50103, NULL, NULL),
(1988, 5010306, 'Ruhimbi', 50103, NULL, NULL),
(1989, 5010307, 'Ruhunda', 50103, NULL, NULL),
(1991, 5010401, 'Bicaca', 50104, NULL, NULL),
(1992, 5010402, 'Byimana', 50104, NULL, NULL),
(1993, 5010403, 'Kabasore', 50104, NULL, NULL),
(1994, 5010404, 'Kangamba', 50104, NULL, NULL),
(1995, 5010405, 'Karenge', 50104, NULL, NULL),
(1996, 5010406, 'Nyabubare', 50104, NULL, NULL),
(1997, 5010407, 'Nyamatete', 50104, NULL, NULL),
(1999, 5010501, 'Bwiza', 50105, NULL, NULL),
(2000, 5010502, 'Cyanya', 50105, NULL, NULL),
(2001, 5010503, 'Nyagasenyi', 50105, NULL, NULL),
(2002, 5010504, 'Sibagire', 50105, NULL, NULL),
(2003, 5010505, 'Sovu', 50105, NULL, NULL),
(2005, 5010601, 'Byeza', 50106, NULL, NULL),
(2006, 5010602, 'Kabare', 50106, NULL, NULL),
(2007, 5010603, 'Karambi', 50106, NULL, NULL),
(2008, 5010604, 'Karitutu', 50106, NULL, NULL),
(2009, 5010605, 'Kitazigurwa', 50106, NULL, NULL),
(2010, 5010606, 'Murambi', 50106, NULL, NULL),
(2011, 5010607, 'Nsinda', 50106, NULL, NULL),
(2012, 5010608, 'Ntebe', 50106, NULL, NULL),
(2013, 5010609, 'Nyarusange', 50106, NULL, NULL),
(2015, 5010701, 'Kaduha', 50107, NULL, NULL),
(2016, 5010702, 'Nkungu', 50107, NULL, NULL),
(2017, 5010703, 'Rweru', 50107, NULL, NULL),
(2018, 5010704, 'Zinga', 50107, NULL, NULL),
(2020, 5010801, 'Binunga', 50108, NULL, NULL),
(2021, 5010802, 'Bwana', 50108, NULL, NULL),
(2022, 5010803, 'Cyarukamba', 50108, NULL, NULL),
(2023, 5010804, 'Cyimbazi', 50108, NULL, NULL),
(2024, 5010805, 'Nkomangwa', 50108, NULL, NULL),
(2025, 5010806, 'Nyarubuye', 50108, NULL, NULL),
(2027, 5010901, 'Akabare', 50109, NULL, NULL),
(2028, 5010902, 'Budahanda', 50109, NULL, NULL),
(2029, 5010903, 'Kagarama', 50109, NULL, NULL),
(2030, 5010904, 'Musha', 50109, NULL, NULL),
(2031, 5010905, 'Nyabisindu', 50109, NULL, NULL),
(2032, 5010906, 'Nyakabanda', 50109, NULL, NULL),
(2034, 5011001, 'Akinyambo', 50110, NULL, NULL),
(2035, 5011002, 'Bujyujyu', 50110, NULL, NULL),
(2036, 5011003, 'Murehe', 50110, NULL, NULL),
(2037, 5011004, 'Ntebe', 50110, NULL, NULL),
(2038, 5011005, 'Nyarukombe', 50110, NULL, NULL),
(2040, 5011101, 'Bicumbi', 50111, NULL, NULL),
(2041, 5011102, 'Bushenyi', 50111, NULL, NULL),
(2042, 5011103, 'Mwulire', 50111, NULL, NULL),
(2043, 5011104, 'Ntunga', 50111, NULL, NULL),
(2045, 5011201, 'Bihembe', 50112, NULL, NULL),
(2046, 5011202, 'Gatare', 50112, NULL, NULL),
(2047, 5011203, 'Gishore', 50112, NULL, NULL),
(2048, 5011204, 'Munini', 50112, NULL, NULL),
(2049, 5011205, 'Rwimbogo', 50112, NULL, NULL),
(2051, 5011301, 'Akanzu', 50113, NULL, NULL),
(2052, 5011302, 'Kigarama', 50113, NULL, NULL),
(2053, 5011303, 'Murama', 50113, NULL, NULL),
(2054, 5011304, 'Rugarama', 50113, NULL, NULL),
(2056, 5011401, 'Byinza', 50114, NULL, NULL),
(2057, 5011402, 'Kabatasi', 50114, NULL, NULL),
(2058, 5011403, 'Kabuye', 50114, NULL, NULL),
(2059, 5011404, 'Karambi', 50114, NULL, NULL),
(2060, 5011405, 'Mabare', 50114, NULL, NULL),
(2061, 5011406, 'Nawe', 50114, NULL, NULL),
(2063, 5020101, 'Cyagaju', 50201, NULL, NULL),
(2064, 5020102, 'Kabeza', 50201, NULL, NULL),
(2065, 5020103, 'Nyamikamba', 50201, NULL, NULL),
(2066, 5020104, 'Nyamirembe', 50201, NULL, NULL),
(2067, 5020105, 'Nyangara', 50201, NULL, NULL),
(2068, 5020106, 'Nyarurema', 50201, NULL, NULL),
(2069, 5020107, 'Rwensheke', 50201, NULL, NULL),
(2071, 5020201, 'Bushara', 50202, NULL, NULL),
(2072, 5020202, 'Cyenkwanzi', 50202, NULL, NULL),
(2073, 5020203, 'Gikagati', 50202, NULL, NULL),
(2074, 5020204, 'Gikundamvura', 50202, NULL, NULL),
(2075, 5020205, 'Kabuga', 50202, NULL, NULL),
(2076, 5020206, 'Ndego', 50202, NULL, NULL),
(2077, 5020207, 'Nyakiga', 50202, NULL, NULL),
(2079, 5020301, 'Kamate', 50203, NULL, NULL),
(2080, 5020302, 'Karama', 50203, NULL, NULL),
(2081, 5020303, 'Kizirakome', 50203, NULL, NULL),
(2082, 5020304, 'Mbare', 50203, NULL, NULL),
(2083, 5020305, 'Musenyi', 50203, NULL, NULL),
(2084, 5020306, 'Ndama', 50203, NULL, NULL),
(2085, 5020307, 'Nyagashanga', 50203, NULL, NULL),
(2086, 5020308, 'Nyamirama', 50203, NULL, NULL),
(2087, 5020309, 'Rubagabaga', 50203, NULL, NULL),
(2088, 5020310, 'Rwenyemera', 50203, NULL, NULL),
(2089, 5020311, 'Rwisirabo', 50203, NULL, NULL),
(2091, 5020401, 'Bayigaburire', 50204, NULL, NULL),
(2092, 5020402, 'Kaduha', 50204, NULL, NULL),
(2093, 5020403, 'Kanyeganyege', 50204, NULL, NULL),
(2094, 5020404, 'Katabagemu', 50204, NULL, NULL),
(2095, 5020405, 'Kigarama', 50204, NULL, NULL),
(2096, 5020406, 'Nyakigando', 50204, NULL, NULL),
(2097, 5020407, 'Rubira', 50204, NULL, NULL),
(2098, 5020408, 'Rugazi', 50204, NULL, NULL),
(2099, 5020409, 'Rutoma', 50204, NULL, NULL),
(2101, 5020501, 'Gataba', 50205, NULL, NULL),
(2102, 5020502, 'Gitenga', 50205, NULL, NULL),
(2103, 5020503, 'Kabungo', 50205, NULL, NULL),
(2104, 5020504, 'Karambo', 50205, NULL, NULL),
(2105, 5020505, 'Karujumba', 50205, NULL, NULL),
(2106, 5020506, 'Tovu', 50205, NULL, NULL),
(2108, 5020601, 'Bwera', 50206, NULL, NULL),
(2109, 5020602, 'Byimana', 50206, NULL, NULL),
(2110, 5020603, 'Cyembogo', 50206, NULL, NULL),
(2111, 5020604, 'Kagitumba', 50206, NULL, NULL),
(2112, 5020605, 'Kanyonza', 50206, NULL, NULL),
(2113, 5020606, 'Matimba', 50206, NULL, NULL),
(2114, 5020607, 'Nyabwishongwezi', 50206, NULL, NULL),
(2115, 5020608, 'Rwentanga', 50206, NULL, NULL),
(2117, 5020701, 'Bibare', 50207, NULL, NULL),
(2118, 5020702, 'Gakoma', 50207, NULL, NULL),
(2119, 5020703, 'Mahoro', 50207, NULL, NULL),
(2120, 5020704, 'Mimuri', 50207, NULL, NULL),
(2121, 5020705, 'Rugari', 50207, NULL, NULL),
(2123, 5020801, 'Bufunda', 50208, NULL, NULL),
(2124, 5020802, 'Gatete', 50208, NULL, NULL),
(2125, 5020803, 'Gihengeri', 50208, NULL, NULL),
(2126, 5020804, 'Gishororo', 50208, NULL, NULL),
(2127, 5020805, 'Kagina', 50208, NULL, NULL),
(2128, 5020806, 'Rugarama', 50208, NULL, NULL),
(2130, 5020901, 'Kibirizi', 50209, NULL, NULL),
(2131, 5020902, 'Kijojo', 50209, NULL, NULL),
(2132, 5020903, 'Musheri', 50209, NULL, NULL),
(2133, 5020904, 'Ntoma', 50209, NULL, NULL),
(2134, 5020905, 'Nyagatabire', 50209, NULL, NULL),
(2135, 5020906, 'Nyamiyonga', 50209, NULL, NULL),
(2136, 5020907, 'Rugarama I', 50209, NULL, NULL),
(2137, 5020908, 'Rugarama Ii', 50209, NULL, NULL),
(2139, 5021001, 'Barija', 50210, NULL, NULL),
(2140, 5021002, 'Bushoga', 50210, NULL, NULL),
(2141, 5021003, 'Cyabayaga', 50210, NULL, NULL),
(2142, 5021004, 'Gakirage', 50210, NULL, NULL),
(2143, 5021005, 'Kamagiri', 50210, NULL, NULL),
(2144, 5021006, 'Nsheke', 50210, NULL, NULL),
(2145, 5021007, 'Nyagatare', 50210, NULL, NULL),
(2146, 5021008, 'Rutaraka', 50210, NULL, NULL),
(2147, 5021009, 'Ryabega', 50210, NULL, NULL),
(2149, 5021101, 'Gahurura', 50211, NULL, NULL),
(2150, 5021102, 'Gashenyi', 50211, NULL, NULL),
(2151, 5021103, 'Nyakagarama', 50211, NULL, NULL),
(2152, 5021104, 'Rukomo Ii', 50211, NULL, NULL),
(2153, 5021105, 'Rurenge', 50211, NULL, NULL),
(2155, 5021201, 'Cyenjonjo', 50212, NULL, NULL),
(2156, 5021202, 'Gasinga', 50212, NULL, NULL),
(2157, 5021203, 'Kabare', 50212, NULL, NULL),
(2158, 5021204, 'Kazaza', 50212, NULL, NULL),
(2159, 5021205, 'Mishenyi', 50212, NULL, NULL),
(2160, 5021206, 'Rugarama', 50212, NULL, NULL),
(2161, 5021207, 'Rukorota', 50212, NULL, NULL),
(2162, 5021208, 'Rutare', 50212, NULL, NULL),
(2163, 5021209, 'Rwempasha', 50212, NULL, NULL),
(2164, 5021210, 'Ryeru', 50212, NULL, NULL),
(2166, 5021301, 'Gacundezi', 50213, NULL, NULL),
(2167, 5021302, 'Kabeza', 50213, NULL, NULL),
(2168, 5021303, 'Kirebe', 50213, NULL, NULL),
(2169, 5021304, 'Ntoma', 50213, NULL, NULL),
(2170, 5021305, 'Nyarupfubire', 50213, NULL, NULL),
(2171, 5021306, 'Nyendo', 50213, NULL, NULL),
(2172, 5021307, 'Rutungu', 50213, NULL, NULL),
(2173, 5021308, 'Rwimiyaga', 50213, NULL, NULL),
(2175, 5021401, 'Gishuro', 50214, NULL, NULL),
(2176, 5021402, 'Gitengure', 50214, NULL, NULL),
(2177, 5021403, 'Nkoma', 50214, NULL, NULL),
(2178, 5021404, 'Nyabitekeri', 50214, NULL, NULL),
(2179, 5021405, 'Nyagatoma', 50214, NULL, NULL),
(2180, 5021406, 'Shonga', 50214, NULL, NULL),
(2181, 5021407, 'Tabagwe', 50214, NULL, NULL),
(2183, 5030101, 'Kigabiro', 50301, NULL, NULL),
(2184, 5030102, 'Kimana', 50301, NULL, NULL),
(2185, 5030103, 'Teme', 50301, NULL, NULL),
(2186, 5030104, 'Viro', 50301, NULL, NULL),
(2188, 5030201, 'Gatsibo', 50302, NULL, NULL),
(2189, 5030202, 'Manishya', 50302, NULL, NULL),
(2190, 5030203, 'Mugera', 50302, NULL, NULL),
(2191, 5030204, 'Nyabicwamba', 50302, NULL, NULL),
(2192, 5030205, 'Nyagahanga', 50302, NULL, NULL),
(2194, 5030301, 'Bukomane', 50303, NULL, NULL),
(2195, 5030302, 'Cyabusheshe', 50303, NULL, NULL),
(2196, 5030303, 'Karubungo', 50303, NULL, NULL),
(2197, 5030304, 'Mpondwa', 50303, NULL, NULL),
(2198, 5030305, 'Nyamirama', 50303, NULL, NULL),
(2199, 5030306, 'Rubira', 50303, NULL, NULL),
(2201, 5030401, 'Kabarore', 50304, NULL, NULL),
(2202, 5030402, 'Kabeza', 50304, NULL, NULL),
(2203, 5030403, 'Karenge', 50304, NULL, NULL),
(2204, 5030404, 'Marimba', 50304, NULL, NULL),
(2205, 5030405, 'Nyabikiri', 50304, NULL, NULL),
(2206, 5030406, 'Simbwa', 50304, NULL, NULL),
(2208, 5030501, 'Busetsa', 50305, NULL, NULL),
(2209, 5030502, 'Gituza', 50305, NULL, NULL),
(2210, 5030503, 'Kintu', 50305, NULL, NULL),
(2211, 5030504, 'Nyagisozi', 50305, NULL, NULL),
(2213, 5030601, 'Akabuga', 50306, NULL, NULL),
(2214, 5030602, 'Gakenke', 50306, NULL, NULL),
(2215, 5030603, 'Gakoni', 50306, NULL, NULL),
(2216, 5030604, 'Nyabisindu', 50306, NULL, NULL),
(2218, 5030701, 'Agakomeye', 50307, NULL, NULL),
(2219, 5030702, 'Mbogo', 50307, NULL, NULL),
(2220, 5030703, 'Ndatemwa', 50307, NULL, NULL),
(2221, 5030704, 'Rubona', 50307, NULL, NULL),
(2223, 5030801, 'Bibare', 50308, NULL, NULL),
(2224, 5030802, 'Gakorokombe', 50308, NULL, NULL),
(2225, 5030803, 'Mamfu', 50308, NULL, NULL),
(2226, 5030804, 'Rumuli', 50308, NULL, NULL),
(2227, 5030805, 'Taba', 50308, NULL, NULL),
(2229, 5030901, 'Murambi', 50309, NULL, NULL),
(2230, 5030902, 'Nyamiyaga', 50309, NULL, NULL),
(2231, 5030903, 'Rwankuba', 50309, NULL, NULL),
(2232, 5030904, 'Rwimitereri', 50309, NULL, NULL),
(2234, 5031001, 'Bugamba', 50310, NULL, NULL),
(2235, 5031002, 'Karambi', 50310, NULL, NULL),
(2236, 5031003, 'Kigasha', 50310, NULL, NULL),
(2237, 5031004, 'Ngarama', 50310, NULL, NULL),
(2238, 5031005, 'Nyarubungo', 50310, NULL, NULL),
(2240, 5031101, 'Gitinda', 50311, NULL, NULL),
(2241, 5031102, 'Kibare', 50311, NULL, NULL),
(2242, 5031103, 'Mayange', 50311, NULL, NULL),
(2243, 5031104, 'Murambi', 50311, NULL, NULL),
(2244, 5031105, 'Nyagitabire', 50311, NULL, NULL),
(2245, 5031106, 'Nyamirama', 50311, NULL, NULL),
(2247, 5031201, 'Bushobora', 50312, NULL, NULL),
(2248, 5031202, 'Butiruka', 50312, NULL, NULL),
(2249, 5031203, 'Kigabiro', 50312, NULL, NULL),
(2250, 5031204, 'Nyagakombe', 50312, NULL, NULL),
(2251, 5031205, 'Rurenge', 50312, NULL, NULL),
(2252, 5031206, 'Rwarenga', 50312, NULL, NULL),
(2254, 5031301, 'Bugarama', 50313, NULL, NULL),
(2255, 5031302, 'Gihuta', 50313, NULL, NULL),
(2256, 5031303, 'Kanyangese', 50313, NULL, NULL),
(2257, 5031304, 'Matare', 50313, NULL, NULL),
(2258, 5031305, 'Matunguru', 50313, NULL, NULL),
(2259, 5031306, 'Remera', 50313, NULL, NULL),
(2261, 5031401, 'Kiburara', 50314, NULL, NULL),
(2262, 5031402, 'Munini', 50314, NULL, NULL),
(2263, 5031403, 'Nyamatete', 50314, NULL, NULL),
(2264, 5031404, 'Rwikiniro', 50314, NULL, NULL),
(2266, 5040101, 'Juru', 50401, NULL, NULL),
(2267, 5040102, 'Kahi', 50401, NULL, NULL),
(2268, 5040103, 'Kiyenzi', 50401, NULL, NULL),
(2269, 5040104, 'Urugarama', 50401, NULL, NULL),
(2271, 5040201, 'Cyarubare', 50402, NULL, NULL),
(2272, 5040202, 'Gitara', 50402, NULL, NULL),
(2273, 5040203, 'Kirehe', 50402, NULL, NULL),
(2274, 5040204, 'Rubimba', 50402, NULL, NULL),
(2275, 5040205, 'Rubumba', 50402, NULL, NULL),
(2277, 5040301, 'Cyabajwa', 50403, NULL, NULL),
(2278, 5040302, 'Cyinzovu', 50403, NULL, NULL),
(2279, 5040303, 'Kabura', 50403, NULL, NULL),
(2280, 5040304, 'Rusera', 50403, NULL, NULL),
(2282, 5040401, 'Bwiza', 50404, NULL, NULL),
(2283, 5040402, 'Kayonza', 50404, NULL, NULL),
(2284, 5040403, 'Mburabuturo', 50404, NULL, NULL),
(2285, 5040404, 'Nyagatovu', 50404, NULL, NULL),
(2286, 5040405, 'Rugendabari', 50404, NULL, NULL),
(2288, 5040501, 'Bunyentongo', 50405, NULL, NULL),
(2289, 5040502, 'Muko', 50405, NULL, NULL),
(2290, 5040503, 'Murama', 50405, NULL, NULL),
(2291, 5040504, 'Nyakanazi', 50405, NULL, NULL),
(2292, 5040505, 'Rusave', 50405, NULL, NULL),
(2294, 5040601, 'Buhabwa', 50406, NULL, NULL),
(2295, 5040602, 'Karambi', 50406, NULL, NULL),
(2296, 5040603, 'Murundi', 50406, NULL, NULL),
(2297, 5040604, 'Ryamanyoni', 50406, NULL, NULL),
(2299, 5040701, 'Kageyo', 50407, NULL, NULL),
(2300, 5040702, 'Migera', 50407, NULL, NULL),
(2301, 5040703, 'Nyamugari', 50407, NULL, NULL),
(2302, 5040704, 'Nyawera', 50407, NULL, NULL),
(2304, 5040801, 'Byimana', 50408, NULL, NULL),
(2305, 5040802, 'Isangano', 50408, NULL, NULL),
(2306, 5040803, 'Karambi', 50408, NULL, NULL),
(2307, 5040804, 'Kiyovu', 50408, NULL, NULL),
(2309, 5040901, 'Gikaya', 50409, NULL, NULL),
(2310, 5040902, 'Musumba', 50409, NULL, NULL),
(2311, 5040903, 'Rurambi', 50409, NULL, NULL),
(2312, 5040904, 'Shyogo', 50409, NULL, NULL),
(2314, 5041001, 'Kawangire', 50410, NULL, NULL),
(2315, 5041002, 'Rukara', 50410, NULL, NULL),
(2316, 5041003, 'Rwimishinya', 50410, NULL, NULL),
(2318, 5041101, 'Bugambira', 50411, NULL, NULL),
(2319, 5041102, 'Nkamba', 50411, NULL, NULL),
(2320, 5041103, 'Ruyonza', 50411, NULL, NULL),
(2321, 5041104, 'Umubuga', 50411, NULL, NULL),
(2323, 5041201, 'Gihinga', 50412, NULL, NULL),
(2324, 5041202, 'Mbarara', 50412, NULL, NULL),
(2325, 5041203, 'Mukoyoyo', 50412, NULL, NULL),
(2326, 5041204, 'Nkondo ', 50412, NULL, NULL),
(2328, 5050101, 'Butezi', 50501, NULL, NULL),
(2329, 5050102, 'Muhamba', 50501, NULL, NULL),
(2330, 5050103, 'Murehe', 50501, NULL, NULL),
(2331, 5050104, 'Nyagasenyi', 50501, NULL, NULL),
(2332, 5050105, 'Nyakagezi', 50501, NULL, NULL),
(2333, 5050106, 'Rubimba', 50501, NULL, NULL),
(2335, 5050201, 'Curazo', 50502, NULL, NULL),
(2336, 5050202, 'Cyunuzi', 50502, NULL, NULL),
(2337, 5050203, 'Muganza', 50502, NULL, NULL),
(2338, 5050204, 'Nyamiryango', 50502, NULL, NULL),
(2339, 5050205, 'Rwabutazi', 50502, NULL, NULL),
(2340, 5050206, 'Rwantonde', 50502, NULL, NULL),
(2342, 5050301, 'Cyanya', 50503, NULL, NULL),
(2343, 5050302, 'Kigarama', 50503, NULL, NULL),
(2344, 5050303, 'Kiremera', 50503, NULL, NULL),
(2345, 5050304, 'Nyakerera', 50503, NULL, NULL),
(2346, 5050305, 'Nyankurazo', 50503, NULL, NULL),
(2348, 5050401, 'Gatarama', 50504, NULL, NULL),
(2349, 5050402, 'Rugarama', 50504, NULL, NULL),
(2350, 5050403, 'Ruhanga', 50504, NULL, NULL),
(2351, 5050404, 'Rwanteru', 50504, NULL, NULL),
(2353, 5050501, 'Gahama', 50505, NULL, NULL),
(2354, 5050502, 'Kirehe', 50505, NULL, NULL),
(2355, 5050503, 'Nyabigega', 50505, NULL, NULL),
(2356, 5050504, 'Nyabikokora', 50505, NULL, NULL),
(2357, 5050505, 'Rwesero', 50505, NULL, NULL),
(2359, 5050601, 'Kamombo', 50506, NULL, NULL),
(2360, 5050602, 'Mwoga', 50506, NULL, NULL),
(2361, 5050603, 'Saruhembe', 50506, NULL, NULL),
(2362, 5050604, 'Umunini', 50506, NULL, NULL),
(2364, 5050701, 'Bwiyorere', 50507, NULL, NULL),
(2365, 5050702, 'Kankobwa', 50507, NULL, NULL),
(2366, 5050703, 'Mpanga', 50507, NULL, NULL),
(2367, 5050704, 'Mushongi', 50507, NULL, NULL),
(2368, 5050705, 'Nasho', 50507, NULL, NULL),
(2369, 5050706, 'Nyakabungo', 50507, NULL, NULL),
(2370, 5050707, 'Rubaya', 50507, NULL, NULL),
(2372, 5050801, 'Gasarabwayi', 50508, NULL, NULL),
(2373, 5050802, 'Kabuga', 50508, NULL, NULL),
(2374, 5050803, 'Mubuga', 50508, NULL, NULL),
(2375, 5050804, 'Musaza', 50508, NULL, NULL),
(2376, 5050805, 'Nganda ', 50508, NULL, NULL),
(2378, 5050901, 'Bisagara', 50509, NULL, NULL),
(2379, 5050902, 'Cyamigurwa', 50509, NULL, NULL),
(2380, 5050903, 'Rugarama', 50509, NULL, NULL),
(2381, 5050904, 'Rwanyamuhanga', 50509, NULL, NULL),
(2382, 5050905, 'Rwayikona', 50509, NULL, NULL),
(2384, 5051001, 'Cyambwe', 50510, NULL, NULL),
(2385, 5051002, 'Kagese', 50510, NULL, NULL),
(2386, 5051003, 'Ntaruka', 50510, NULL, NULL),
(2387, 5051004, 'Rubirizi', 50510, NULL, NULL),
(2388, 5051005, 'Rugoma', 50510, NULL, NULL),
(2390, 5051101, 'Bukora', 50511, NULL, NULL),
(2391, 5051102, 'Kagasa', 50511, NULL, NULL),
(2392, 5051103, 'Kazizi', 50511, NULL, NULL),
(2393, 5051104, 'Kiyanzi', 50511, NULL, NULL),
(2394, 5051105, 'Nyamugari', 50511, NULL, NULL),
(2396, 5051201, 'Mareba', 50512, NULL, NULL),
(2397, 5051202, 'Nyabitare', 50512, NULL, NULL),
(2398, 5051203, 'Nyarutunga', 50512, NULL, NULL),
(2400, 5060101, 'Cyerwa', 50601, NULL, NULL),
(2401, 5060102, 'Giseri', 50601, NULL, NULL),
(2402, 5060103, 'Munege', 50601, NULL, NULL),
(2403, 5060104, 'Mutsindo', 50601, NULL, NULL),
(2405, 5060201, 'Ihanika', 50602, NULL, NULL),
(2406, 5060202, 'Jarama', 50602, NULL, NULL),
(2407, 5060203, 'Karenge', 50602, NULL, NULL),
(2408, 5060204, 'Kibimba', 50602, NULL, NULL),
(2409, 5060205, 'Kigoma', 50602, NULL, NULL),
(2411, 5060301, 'Akaziba', 50603, NULL, NULL),
(2412, 5060302, 'Karaba', 50603, NULL, NULL),
(2413, 5060303, 'Nyamirambo', 50603, NULL, NULL),
(2415, 5060401, 'Birenga', 50604, NULL, NULL),
(2416, 5060402, 'Gahurire', 50604, NULL, NULL),
(2417, 5060403, 'Karama', 50604, NULL, NULL),
(2418, 5060404, 'Kinyonzo', 50604, NULL, NULL),
(2419, 5060405, 'Umukamba', 50604, NULL, NULL),
(2421, 5060501, 'Cyasemakamba', 50605, NULL, NULL),
(2422, 5060502, 'Gahima', 50605, NULL, NULL),
(2423, 5060503, 'Gatonde', 50605, NULL, NULL),
(2424, 5060504, 'Karenge', 50605, NULL, NULL),
(2425, 5060505, 'Mahango', 50605, NULL, NULL),
(2427, 5060601, 'Akabungo', 50606, NULL, NULL),
(2428, 5060602, 'Mugatare', 50606, NULL, NULL),
(2429, 5060603, 'Ntanga', 50606, NULL, NULL),
(2430, 5060604, 'Nyamugari', 50606, NULL, NULL),
(2431, 5060605, 'Nyange', 50606, NULL, NULL),
(2433, 5060701, 'Gitaraga', 50607, NULL, NULL),
(2434, 5060702, 'Kigabiro', 50607, NULL, NULL),
(2435, 5060703, 'Mvumba', 50607, NULL, NULL),
(2436, 5060704, 'Rurenge', 50607, NULL, NULL),
(2437, 5060705, 'Sakara', 50607, NULL, NULL),
(2439, 5060801, 'Karwema', 50608, NULL, NULL),
(2440, 5060802, 'Kibare', 50608, NULL, NULL),
(2441, 5060803, 'Mutenderi', 50608, NULL, NULL),
(2442, 5060804, 'Muzingira', 50608, NULL, NULL),
(2443, 5060805, 'Nyagasozi', 50608, NULL, NULL),
(2445, 5060901, 'Bugera', 50609, NULL, NULL),
(2446, 5060902, 'Kinunga', 50609, NULL, NULL),
(2447, 5060903, 'Ndekwe', 50609, NULL, NULL),
(2448, 5060904, 'Nyamagana', 50609, NULL, NULL),
(2450, 5061001, 'Buliba', 50610, NULL, NULL),
(2451, 5061002, 'Kibatsi', 50610, NULL, NULL),
(2452, 5061003, 'Nyaruvumu', 50610, NULL, NULL),
(2453, 5061004, 'Nyinya', 50610, NULL, NULL),
(2455, 5061101, 'Gituza', 50611, NULL, NULL),
(2456, 5061102, 'Ntovi', 50611, NULL, NULL),
(2457, 5061103, 'Rubago', 50611, NULL, NULL),
(2458, 5061104, 'Rubona', 50611, NULL, NULL),
(2459, 5061105, 'Rwintashya', 50611, NULL, NULL),
(2461, 5061201, 'Akagarama', 50612, NULL, NULL),
(2462, 5061202, 'Muhurire', 50612, NULL, NULL),
(2463, 5061203, 'Musya', 50612, NULL, NULL),
(2464, 5061204, 'Rugese', 50612, NULL, NULL),
(2465, 5061205, 'Rujambara', 50612, NULL, NULL),
(2466, 5061206, 'Rwikubo', 50612, NULL, NULL),
(2468, 5061301, 'Gafunzo', 50613, NULL, NULL),
(2469, 5061302, 'Kibonde', 50613, NULL, NULL),
(2470, 5061303, 'Nkanga', 50613, NULL, NULL),
(2471, 5061304, 'Rukoma', 50613, NULL, NULL),
(2473, 5061401, 'Nyagasozi', 50614, NULL, NULL),
(2474, 5061402, 'Nyagatugunda', 50614, NULL, NULL),
(2475, 5061403, 'Ruhembe', 50614, NULL, NULL),
(2476, 5061404, 'Ruhinga', 50614, NULL, NULL),
(2478, 5070101, 'Biryogo', 50701, NULL, NULL),
(2479, 5070102, 'Kabuye', 50701, NULL, NULL),
(2480, 5070103, 'Kagomasi', 50701, NULL, NULL),
(2481, 5070104, 'Mwendo', 50701, NULL, NULL),
(2482, 5070105, 'Ramiro', 50701, NULL, NULL),
(2484, 5070201, 'Juru', 50702, NULL, NULL),
(2485, 5070202, 'Kabukuba', 50702, NULL, NULL),
(2486, 5070203, 'Mugorore', 50702, NULL, NULL),
(2487, 5070204, 'Musovu', 50702, NULL, NULL),
(2488, 5070205, 'Rwinume', 50702, NULL, NULL),
(2490, 5070301, 'Biharagu', 50703, NULL, NULL),
(2491, 5070302, 'Burenge', 50703, NULL, NULL),
(2492, 5070303, 'Kampeka', 50703, NULL, NULL),
(2493, 5070304, 'Nyakayaga', 50703, NULL, NULL),
(2494, 5070305, 'Tunda', 50703, NULL, NULL),
(2496, 5070401, 'Bushenyi', 50704, NULL, NULL),
(2497, 5070402, 'Gakomeye', 50704, NULL, NULL),
(2498, 5070403, 'Nyamigina', 50704, NULL, NULL),
(2499, 5070404, 'Rango', 50704, NULL, NULL),
(2500, 5070405, 'Rugarama', 50704, NULL, NULL),
(2502, 5070501, 'Gakamba', 50705, NULL, NULL),
(2503, 5070502, 'Kagenge', 50705, NULL, NULL),
(2504, 5070503, 'Kibenga', 50705, NULL, NULL),
(2505, 5070504, 'Kibirizi', 50705, NULL, NULL),
(2506, 5070505, 'Mbyo', 50705, NULL, NULL),
(2508, 5070601, 'Gicaca', 50706, NULL, NULL),
(2509, 5070602, 'Musenyi', 50706, NULL, NULL),
(2510, 5070603, 'Nyagihunika', 50706, NULL, NULL),
(2511, 5070604, 'Rulindo', 50706, NULL, NULL),
(2513, 5070701, 'Bitaba', 50707, NULL, NULL),
(2514, 5070702, 'Kagasa', 50707, NULL, NULL),
(2515, 5070703, 'Rugunga', 50707, NULL, NULL),
(2516, 5070704, 'Rurenge', 50707, NULL, NULL),
(2518, 5070801, 'Gihembe', 50708, NULL, NULL),
(2519, 5070802, 'Murama', 50708, NULL, NULL),
(2520, 5070803, 'Ngeruka', 50708, NULL, NULL),
(2521, 5070804, 'Nyakayenzi', 50708, NULL, NULL),
(2522, 5070805, 'Rutonde', 50708, NULL, NULL),
(2524, 5070901, 'Cyugaro', 50709, NULL, NULL),
(2525, 5070902, 'Kanzenze', 50709, NULL, NULL),
(2526, 5070903, 'Kibungo', 50709, NULL, NULL),
(2528, 5071001, 'Kanazi', 50710, NULL, NULL),
(2529, 5071002, 'Kayumba', 50710, NULL, NULL),
(2530, 5071003, 'Maranyundo', 50710, NULL, NULL),
(2531, 5071004, 'Murama', 50710, NULL, NULL),
(2532, 5071005, 'Nyamata Y Umujyi', 50710, NULL, NULL),
(2534, 5071101, 'Gihinga', 50711, NULL, NULL),
(2535, 5071102, 'Kabuye', 50711, NULL, NULL),
(2536, 5071103, 'Murambi', 50711, NULL, NULL),
(2537, 5071104, 'Ngenda', 50711, NULL, NULL),
(2538, 5071105, 'Rugando', 50711, NULL, NULL),
(2540, 5071201, 'Kabeza', 50712, NULL, NULL),
(2541, 5071202, 'Karera', 50712, NULL, NULL),
(2542, 5071203, 'Kimaranzara', 50712, NULL, NULL),
(2543, 5071204, 'Ntarama', 50712, NULL, NULL),
(2544, 5071205, 'Nyabagendwa', 50712, NULL, NULL),
(2546, 5071301, 'Bihari', 50713, NULL, NULL),
(2547, 5071302, 'Gatanga', 50713, NULL, NULL),
(2548, 5071303, 'Gikundamvura', 50713, NULL, NULL),
(2549, 5071304, 'Kindama', 50713, NULL, NULL),
(2550, 5071305, 'Ruhuha', 50713, NULL, NULL),
(2552, 5071401, 'Batima', 50714, NULL, NULL),
(2553, 5071402, 'Kintambwe', 50714, NULL, NULL),
(2554, 5071403, 'Mazane', 50714, NULL, NULL),
(2555, 5071404, 'Nemba', 50714, NULL, NULL),
(2556, 5071405, 'Nkanga', 50714, NULL, NULL),
(2557, 5071406, 'Sharita', 50714, NULL, NULL),
(2559, 5071501, 'Kabagugu', 50715, NULL, NULL),
(2560, 5071502, 'Kamabuye', 50715, NULL, NULL),
(2561, 5071503, 'Nziranziza', 50715, NULL, NULL),
(2562, 5071504, 'Rebero', 50715, NULL, NULL),
(2563, 5071505, 'Rutare', 50715, NULL, NULL);

-- --------------------------------------------------------

--
-- Table structure for table `cooperatives`
--

CREATE TABLE `cooperatives` (
  `id` bigint(20) UNSIGNED NOT NULL,
  `name` varchar(255) NOT NULL,
  `manager_name` varchar(255) NOT NULL,
  `email` varchar(255) NOT NULL,
  `status` varchar(255) NOT NULL,
  `starting_date` varchar(255) NOT NULL,
  `province` varchar(255) NOT NULL,
  `district` varchar(255) NOT NULL,
  `sector` varchar(255) NOT NULL,
  `cell` varchar(255) NOT NULL,
  `created_at` date DEFAULT NULL,
  `updated_at` timestamp NULL DEFAULT NULL
) ENGINE=InnoDB DEFAULT CHARSET=utf8mb4 COLLATE=utf8mb4_unicode_ci;

--
-- Dumping data for table `cooperatives`
--

INSERT INTO `cooperatives` (`id`, `name`, `manager_name`, `email`, `status`, `starting_date`, `province`, `district`, `sector`, `cell`, `created_at`, `updated_at`) VALUES
(1, 'KOAIRWA', 'MUPENZI Espoir', 'koairwa@gmail.com', 'Operating', '2015-04-25', 'Southern Province', 'GISAGARA', 'Muganza', 'Rwamiko', '2023-03-25', '2023-05-09 17:00:10'),
(2, 'DUKUNDE KAWA', 'CYIZA MUGABO Christian', 'dukundekwawa@gmail.com', 'Operating', '2018-02-25', 'Southern Province', 'GISAGARA', 'Muganza', 'Rwamiko', '2023-03-25', '2023-05-09 17:06:09');

-- --------------------------------------------------------

--
-- Table structure for table `cooperative_stocks`
--

CREATE TABLE `cooperative_stocks` (
  `id` bigint(20) UNSIGNED NOT NULL,
  `product_category` varchar(255) NOT NULL,
  `quantity` int(11) NOT NULL,
  `cooperative_id` bigint(20) UNSIGNED NOT NULL,
  `created_at` timestamp NULL DEFAULT NULL,
  `updated_at` timestamp NULL DEFAULT NULL
) ENGINE=InnoDB DEFAULT CHARSET=utf8mb4 COLLATE=utf8mb4_unicode_ci;

--
-- Dumping data for table `cooperative_stocks`
--

INSERT INTO `cooperative_stocks` (`id`, `product_category`, `quantity`, `cooperative_id`, `created_at`, `updated_at`) VALUES
(1, 'Arabica beans', 190985, 1, '2023-04-13 18:14:21', '2023-05-10 02:59:46'),
(2, 'Robusta beans', 2000, 1, '2023-04-14 22:39:37', '2023-04-14 22:39:37');

-- --------------------------------------------------------

--
-- Table structure for table `cooperative_user`
--

CREATE TABLE `cooperative_user` (
  `user_id` bigint(20) UNSIGNED NOT NULL,
  `cooperative_id` bigint(20) UNSIGNED NOT NULL
) ENGINE=InnoDB DEFAULT CHARSET=utf8mb4 COLLATE=utf8mb4_unicode_ci;

--
-- Dumping data for table `cooperative_user`
--

INSERT INTO `cooperative_user` (`user_id`, `cooperative_id`) VALUES
(4, 1),
(5, 2);

-- --------------------------------------------------------

--
-- Table structure for table `diseases`
--

CREATE TABLE `diseases` (
  `id` bigint(20) UNSIGNED NOT NULL,
  `disease_name` varchar(255) NOT NULL,
  `category` varchar(255) NOT NULL,
  `description` varchar(1000) NOT NULL,
  `image` varchar(255) NOT NULL,
  `created_at` timestamp NULL DEFAULT NULL,
  `updated_at` timestamp NULL DEFAULT NULL
) ENGINE=InnoDB DEFAULT CHARSET=utf8mb4 COLLATE=utf8mb4_unicode_ci;

--
-- Dumping data for table `diseases`
--

INSERT INTO `diseases` (`id`, `disease_name`, `category`, `description`, `image`, `created_at`, `updated_at`) VALUES
(1, 'Coffee leave rust', 'Leaf disease', 'Small, pale yellow spots on upper leaf surfaces followed by powdery orange-yellow lesions on the undersides of leaves; symptoms commonly develop on lower leaves of the plant first and then spread; infected leaves drop from the plant, and twigs and branches become defoliated.', 'images/diseases/Coffee leaf rust.jpg', '2023-03-27 22:39:13', '2023-05-17 17:05:17'),
(12, 'Bacterial blight (Pseudomonas syringae)', 'Leaf disease', 'Water-soaked spots on leaves which dry out and become brown and necrotic with yellow halos; necrosis of shoot tips which spreads rapidly down branches; leaves turn black and die off but remain attached to the tree.', 'images/diseases/Bacterial Blight.jpg', '2023-05-17 17:13:08', '2023-05-17 17:14:24'),
(13, 'Cercospora leaf spot (Brown eye spot, Berry blotch) Cercospora coffeicola.', 'Leaf disease', 'Brown spots on foliage enlarge and develop a gray-white center and a red-brown margin; lesions may also be surrounded by a yellow halo or may have a burned appearance if lesions are very numerous; infected leaves may drop from the plant prematurely; lesions on green berries are brown and sunken and may have a purplish halo; infected red berries may have large black sunken.', 'images/diseases/Cerscopora leaf spot.jpg', '2023-05-17 17:15:14', '2023-05-17 17:15:14'),
(14, 'Sooty Mold Fungus', 'Leaf disease', 'The fungus Capnodiumspp causes mould disease. Aphids, shield lice, whiteflies, or other sucking insects can infest the coffee plant and cause this fungus to develop. \r\nSymptoms of attack are leaves covered by black soot and powdery. The fungus grows on honeydew secreted by shield lice and other sucking insects. Ants usually keep shield ticks and spread sooty mould.', 'images/diseases/Sooty Mold Fungus.jpg', '2023-05-17 17:19:13', '2023-05-17 17:19:13'),
(15, 'Black rot', 'Leaf disease', 'The most important symptom is dark brown or black decaying leaves, twigs, and developing berries from which the name black rot is derived. The leaves hang down by means of fungal mycelial strands  mycelial threads can be seen on twigs and petioles. Sclerotia can be seen all over the affected areas. The infection leads to defoliation and berry drop.', 'images/diseases/Black rot.jpg', '2023-05-17 17:20:05', '2023-05-17 17:20:05'),
(16, 'Black twig borer (Xylosandrus compactus.)', 'Leaf disease', 'Wilting and yellowing of foliage, often at the end of twigs and branches (termed \"flagging\"); o pin-sized hole can often be found on the underside of the flagging stems or twigs where the insect has entered the plant; twigs and stems are hollowed out and can be seen by cutting open the affected tissue; the adult beetle is small and black, approx. 2 mm in length and is rarely seen; eggs and pupae are creamy white in color', 'images/diseases/Black twig borer.jpg', '2023-05-17 17:20:51', '2023-05-17 17:20:51'),
(17, 'Coffee berry disease (CBD) Colletotrichum kahawae.', 'Berry disease', 'Dark sunken lesions on green berries; berries dropping from the plant; mummified berries', 'images/diseases/Coffee berry disease (CBD) Colletotrichum kahawae.jpeg', '2023-05-17 17:23:56', '2023-05-17 17:23:56'),
(18, 'Coffee berry borer Hypothenemushampei', 'Berry disease', 'Fruit dropping from plants; small holes may be evident on red cherries; when the insect is feeding, debris is pushed out of the hole and forms a brown or grey deposit on top of the hole; adult beetle can be found by cutting open the berry; adult is a tiny black beetle approx. 1.5-2.5 mm in length; larvae are white grubs with brown heads.', 'images/diseases/Coffee berry borer Hypothenemushampei.jpg', '2023-05-17 17:30:12', '2023-05-17 17:30:12'),
(19, 'Green scale, black sooty', 'Berry disease', 'Green scale, black sooty mould, and attendant ants on a coffee branch and berries.', 'images/diseases/Green scale, black sooty.jpg', '2023-05-17 17:30:55', '2023-05-17 17:30:55'),
(20, 'Dieback or Anthronose  (Gikongoro)', 'Berry disease', 'On infected leaves circular to greyish spots of 2-3 mm in dia. appears. On berries, small dark-colored sunken spots are formed. Beans become brown. Die-back also occurs.', 'images/diseases/Dieback or Anthronose.jpg', '2023-05-17 17:32:10', '2023-05-17 17:32:10');

-- --------------------------------------------------------

--
-- Table structure for table `districts`
--

CREATE TABLE `districts` (
  `id` bigint(20) UNSIGNED NOT NULL,
  `districtcode` int(11) NOT NULL,
  `namedistrict` varchar(225) NOT NULL,
  `provincecode` bigint(20) UNSIGNED NOT NULL,
  `created_at` timestamp NULL DEFAULT NULL,
  `updated_at` timestamp NULL DEFAULT NULL
) ENGINE=InnoDB DEFAULT CHARSET=utf8mb4 COLLATE=utf8mb4_unicode_ci;

--
-- Dumping data for table `districts`
--

INSERT INTO `districts` (`id`, `districtcode`, `namedistrict`, `provincecode`, `created_at`, `updated_at`) VALUES
(2, 101, 'NYARUGENGE', 1, NULL, NULL),
(3, 102, 'GASABO', 1, NULL, NULL),
(4, 103, 'KICUKIRO', 1, NULL, NULL),
(6, 201, 'NYANZA', 2, NULL, NULL),
(7, 202, 'GISAGARA', 2, NULL, NULL),
(8, 203, 'NYARUGURU', 2, NULL, NULL),
(9, 204, 'HUYE', 2, NULL, NULL),
(10, 205, 'NYAMAGABE', 2, NULL, NULL),
(11, 206, 'RUHANGO', 2, NULL, NULL),
(12, 207, 'MUHANGA', 2, NULL, NULL),
(13, 208, 'KAMONYI', 2, NULL, NULL),
(15, 301, 'KARONGI', 3, NULL, NULL),
(16, 302, 'RUTSIRO', 3, NULL, NULL),
(17, 303, 'RUBAVU', 3, NULL, NULL),
(18, 304, 'NYABIHU', 3, NULL, NULL),
(19, 305, 'NGORORERO', 3, NULL, NULL),
(20, 306, 'RUSIZI', 3, NULL, NULL),
(21, 307, 'NYAMASHEKE', 3, NULL, NULL),
(23, 401, 'RULINDO', 4, NULL, NULL),
(24, 402, 'GAKENKE', 4, NULL, NULL),
(25, 403, 'MUSANZE', 4, NULL, NULL),
(26, 404, 'BURERA', 4, NULL, NULL),
(27, 405, 'GICUMBI', 4, NULL, NULL),
(29, 501, 'RWAMAGANA', 5, NULL, NULL),
(30, 502, 'NYAGATARE', 5, NULL, NULL),
(31, 503, 'GATSIBO', 5, NULL, NULL),
(32, 504, 'KAYONZA', 5, NULL, NULL),
(33, 505, 'KIREHE', 5, NULL, NULL),
(34, 506, 'NGOMA', 5, NULL, NULL),
(35, 507, 'BUGESERA', 5, NULL, NULL);

-- --------------------------------------------------------

--
-- Table structure for table `failed_jobs`
--

CREATE TABLE `failed_jobs` (
  `id` bigint(20) UNSIGNED NOT NULL,
  `uuid` varchar(255) NOT NULL,
  `connection` text NOT NULL,
  `queue` text NOT NULL,
  `payload` longtext NOT NULL,
  `exception` longtext NOT NULL,
  `failed_at` timestamp NOT NULL DEFAULT current_timestamp()
) ENGINE=InnoDB DEFAULT CHARSET=utf8mb4 COLLATE=utf8mb4_unicode_ci;

-- --------------------------------------------------------

--
-- Table structure for table `farmers`
--

CREATE TABLE `farmers` (
  `id` bigint(20) UNSIGNED NOT NULL,
  `name` varchar(255) NOT NULL,
  `idn` bigint(20) UNSIGNED NOT NULL,
  `cooperative_name` varchar(255) NOT NULL,
  `gender` varchar(255) NOT NULL,
  `number_of_trees` int(11) NOT NULL,
  `fertilizer` varchar(255) NOT NULL,
  `phone` varchar(225) NOT NULL,
  `province` varchar(255) NOT NULL,
  `district` varchar(255) NOT NULL,
  `sector` varchar(255) NOT NULL,
  `cell` varchar(255) NOT NULL,
  `cooperative_id` bigint(20) UNSIGNED NOT NULL,
  `created_at` date DEFAULT NULL,
  `updated_at` timestamp NULL DEFAULT NULL
) ENGINE=InnoDB DEFAULT CHARSET=utf8mb4 COLLATE=utf8mb4_unicode_ci;

--
-- Dumping data for table `farmers`
--

INSERT INTO `farmers` (`id`, `name`, `idn`, `cooperative_name`, `gender`, `number_of_trees`, `fertilizer`, `phone`, `province`, `district`, `sector`, `cell`, `cooperative_id`, `created_at`, `updated_at`) VALUES
(1, 'TUYISHIME Aime', 1200080053637498, 'KOAIRWA', 'Male', 500, 'Mixed', '789774833', 'Northern Province', 'GICUMBI', 'Byumba', 'Gacurabwenge', 1, '2023-03-27', '2023-04-17 17:32:19'),
(2, 'NSENGIYUMVA Eugene', 1200080053637008, 'DUKUNDE KAWA', 'Male', 800, 'Mixed', '789774338', 'Southern Province', 'RUHANGO', 'Byimana', 'Kirengeri', 2, '2023-03-27', '2023-04-14 19:21:11'),
(3, 'Mary J. Blige', 1200080053637498, 'KOAIRWA', 'Female', 350, 'Mixed', '784567442', 'kigali city', 'NYARUGENGE', 'Kanyinya', 'Nzove', 1, '2023-04-03', '2023-04-16 15:43:21'),
(4, 'HATEGEKIMANA Merci Arsene', 1200080053637498, 'DUKUNDE KAWA', 'Male', 600, 'Mixed', '789774833', 'Southern Province', 'MUHANGA', 'Nyamabuye', 'Gahogo', 2, '2023-04-04', '2023-04-14 19:21:53'),
(10, 'ISHIMWE Serge', 1200080053637498, 'KOAIRWA', 'Male', 340, 'Mixed', '+250723438987', 'kigali city', 'KICUKIRO', 'Masaka', 'Cyimo', 1, '2023-04-14', '2023-04-14 22:23:03'),
(12, 'MUGISHA Fred', 1200080053637498, 'DUKUNDE KAWA', 'Male', 345, 'Manuer', '+250723438222', 'Southern Province', 'GISAGARA', 'Muganza', 'Remera', 2, '2023-05-09', '2023-05-09 21:19:57');

-- --------------------------------------------------------

--
-- Table structure for table `farmer_diseases`
--

CREATE TABLE `farmer_diseases` (
  `id` bigint(20) UNSIGNED NOT NULL,
  `farmer_id` bigint(20) UNSIGNED NOT NULL,
  `disease_id` bigint(20) UNSIGNED NOT NULL,
  `created_at` timestamp NULL DEFAULT NULL,
  `updated_at` timestamp NULL DEFAULT NULL
) ENGINE=InnoDB DEFAULT CHARSET=utf8mb4 COLLATE=utf8mb4_unicode_ci;

-- --------------------------------------------------------

--
-- Table structure for table `migrations`
--

CREATE TABLE `migrations` (
  `id` int(10) UNSIGNED NOT NULL,
  `migration` varchar(255) NOT NULL,
  `batch` int(11) NOT NULL
) ENGINE=InnoDB DEFAULT CHARSET=utf8mb4 COLLATE=utf8mb4_unicode_ci;

--
-- Dumping data for table `migrations`
--

INSERT INTO `migrations` (`id`, `migration`, `batch`) VALUES
(1, '2014_10_12_000000_create_users_table', 1),
(2, '2014_10_12_100000_create_password_reset_tokens_table', 1),
(3, '2019_08_19_000000_create_failed_jobs_table', 1),
(4, '2019_12_14_000001_create_personal_access_tokens_table', 1),
(5, '2023_03_22_065023_create_permission_tables', 1),
(6, '2023_03_22_065728_create_cooperatives_table', 1),
(7, '2023_03_22_065749_create_farmers_table', 1),
(8, '2023_03_22_065813_create_diseases_table', 1),
(9, '2023_03_22_070810_create_farmer_diseases_table', 1),
(12, '2023_03_25_172135_create_cooperative_user_table', 2),
(16, '2023_03_31_131134_create_production_table', 5),
(17, '2023_03_31_132659_create_sales_table', 6),
(22, '2023_04_04_133313_districts', 8),
(23, '2023_04_04_133754_sectors', 9),
(24, '2023_04_04_134207_cells', 10),
(25, '2023_04_04_132755_provinces', 11),
(26, '2023_04_06_133258_create_reported_diseases_table', 12),
(27, '2023_04_06_133709_create_stocks_table', 13),
(28, '2023_04_10_174927_create_cooperative_stocks_table', 14),
(29, '2023_04_25_110915_create_reporters_table', 15);

-- --------------------------------------------------------

--
-- Table structure for table `model_has_permissions`
--

CREATE TABLE `model_has_permissions` (
  `permission_id` bigint(20) UNSIGNED NOT NULL,
  `model_type` varchar(255) NOT NULL,
  `model_id` bigint(20) UNSIGNED NOT NULL
) ENGINE=InnoDB DEFAULT CHARSET=utf8mb4 COLLATE=utf8mb4_unicode_ci;

-- --------------------------------------------------------

--
-- Table structure for table `model_has_roles`
--

CREATE TABLE `model_has_roles` (
  `role_id` bigint(20) UNSIGNED NOT NULL,
  `model_type` varchar(255) NOT NULL,
  `model_id` bigint(20) UNSIGNED NOT NULL
) ENGINE=InnoDB DEFAULT CHARSET=utf8mb4 COLLATE=utf8mb4_unicode_ci;

--
-- Dumping data for table `model_has_roles`
--

INSERT INTO `model_has_roles` (`role_id`, `model_type`, `model_id`) VALUES
(1, 'App\\Models\\User', 1),
(1, 'App\\Models\\User', 2),
(7, 'App\\Models\\User', 6),
(8, 'App\\Models\\User', 4),
(8, 'App\\Models\\User', 5);

-- --------------------------------------------------------

--
-- Table structure for table `password_reset_tokens`
--

CREATE TABLE `password_reset_tokens` (
  `email` varchar(255) NOT NULL,
  `token` varchar(255) NOT NULL,
  `created_at` timestamp NULL DEFAULT NULL
) ENGINE=InnoDB DEFAULT CHARSET=utf8mb4 COLLATE=utf8mb4_unicode_ci;

-- --------------------------------------------------------

--
-- Table structure for table `permissions`
--

CREATE TABLE `permissions` (
  `id` bigint(20) UNSIGNED NOT NULL,
  `name` varchar(255) NOT NULL,
  `guard_name` varchar(255) NOT NULL,
  `created_at` timestamp NULL DEFAULT NULL,
  `updated_at` timestamp NULL DEFAULT NULL
) ENGINE=InnoDB DEFAULT CHARSET=utf8mb4 COLLATE=utf8mb4_unicode_ci;

--
-- Dumping data for table `permissions`
--

INSERT INTO `permissions` (`id`, `name`, `guard_name`, `created_at`, `updated_at`) VALUES
(1, 'create-user', 'web', '2023-03-22 17:47:59', '2023-03-22 17:47:59'),
(2, 'create-cooperative', 'web', '2023-03-22 17:56:00', '2023-03-22 17:56:00'),
(3, 'create-farmer', 'web', '2023-03-22 17:56:10', '2023-03-22 17:56:10'),
(4, 'create-disease', 'web', '2023-03-22 17:56:21', '2023-03-22 17:56:21'),
(5, 'update-user', 'web', '2023-03-22 17:56:40', '2023-03-22 17:56:40'),
(6, 'update-cooperative', 'web', '2023-03-22 17:56:53', '2023-03-22 17:56:53'),
(7, 'update-disease', 'web', '2023-03-22 17:57:03', '2023-03-22 17:57:03'),
(8, 'update-farmer', 'web', '2023-03-22 17:57:26', '2023-03-22 17:57:26'),
(9, 'delete-user', 'web', '2023-03-22 17:57:39', '2023-03-22 17:57:39'),
(10, 'delete-cooperative', 'web', '2023-03-22 17:57:50', '2023-03-22 17:57:50'),
(11, 'delete-farmer', 'web', '2023-03-22 17:58:01', '2023-03-22 17:58:01'),
(12, 'delete-disease', 'web', '2023-03-22 17:58:10', '2023-03-22 17:58:10'),
(13, 'view-user', 'web', '2023-03-22 17:59:53', '2023-03-22 17:59:53'),
(14, 'view-cooperative', 'web', '2023-03-22 18:00:03', '2023-03-22 18:00:03'),
(15, 'view-farmer', 'web', '2023-03-22 18:00:30', '2023-03-22 18:00:30'),
(16, 'view-disease', 'web', '2023-03-22 18:00:38', '2023-03-22 18:00:38'),
(17, 'create-role', 'web', '2023-03-22 20:48:32', '2023-03-22 20:48:32'),
(18, 'create-permission', 'web', '2023-03-22 20:48:41', '2023-03-22 20:48:41'),
(19, 'update-permission', 'web', '2023-03-22 20:48:52', '2023-03-22 20:48:52'),
(20, 'update-role', 'web', '2023-03-22 20:49:03', '2023-03-22 20:49:03'),
(21, 'view-permission', 'web', '2023-03-22 20:49:52', '2023-03-22 20:49:52'),
(22, 'view-role', 'web', '2023-03-22 20:50:00', '2023-03-22 20:50:00'),
(23, 'delete-permission', 'web', '2023-03-22 20:50:11', '2023-03-22 20:50:11'),
(24, 'delete-role', 'web', '2023-03-22 20:50:25', '2023-03-22 20:50:25'),
(25, 'view-Super-Dashboard', 'web', '2023-03-27 19:30:16', '2023-03-27 19:30:16');

-- --------------------------------------------------------

--
-- Table structure for table `personal_access_tokens`
--

CREATE TABLE `personal_access_tokens` (
  `id` bigint(20) UNSIGNED NOT NULL,
  `tokenable_type` varchar(255) NOT NULL,
  `tokenable_id` bigint(20) UNSIGNED NOT NULL,
  `name` varchar(255) NOT NULL,
  `token` varchar(64) NOT NULL,
  `abilities` text DEFAULT NULL,
  `last_used_at` timestamp NULL DEFAULT NULL,
  `expires_at` timestamp NULL DEFAULT NULL,
  `created_at` timestamp NULL DEFAULT NULL,
  `updated_at` timestamp NULL DEFAULT NULL
) ENGINE=InnoDB DEFAULT CHARSET=utf8mb4 COLLATE=utf8mb4_unicode_ci;

-- --------------------------------------------------------

--
-- Table structure for table `production`
--

CREATE TABLE `production` (
  `id` bigint(20) UNSIGNED NOT NULL,
  `season` varchar(255) NOT NULL,
  `quantity` int(11) NOT NULL,
  `cooperative_id` bigint(20) UNSIGNED NOT NULL,
  `created_at` timestamp NULL DEFAULT NULL,
  `updated_at` timestamp NULL DEFAULT NULL
) ENGINE=InnoDB DEFAULT CHARSET=utf8mb4 COLLATE=utf8mb4_unicode_ci;

-- --------------------------------------------------------

--
-- Table structure for table `provinces`
--

CREATE TABLE `provinces` (
  `id` bigint(20) UNSIGNED NOT NULL,
  `provincecode` int(11) NOT NULL,
  `provincename` varchar(225) NOT NULL,
  `created_at` timestamp NULL DEFAULT NULL,
  `updated_at` timestamp NULL DEFAULT NULL
) ENGINE=InnoDB DEFAULT CHARSET=utf8mb4 COLLATE=utf8mb4_unicode_ci;

--
-- Dumping data for table `provinces`
--

INSERT INTO `provinces` (`id`, `provincecode`, `provincename`, `created_at`, `updated_at`) VALUES
(6, 1, 'kigali city', NULL, NULL),
(7, 2, 'Southern Province', NULL, NULL),
(8, 3, 'Western Province', NULL, NULL),
(9, 4, 'Northern Province', NULL, NULL),
(10, 5, 'Eastern  Province', NULL, NULL);

-- --------------------------------------------------------

--
-- Table structure for table `reported_diseases`
--

CREATE TABLE `reported_diseases` (
  `id` bigint(20) UNSIGNED NOT NULL,
  `cooperative_id` int(11) NOT NULL,
  `disease_id` int(11) NOT NULL,
  `disease_category` varchar(225) NOT NULL,
  `longitude` varchar(100) NOT NULL,
  `latitude` varchar(100) NOT NULL,
  `created_at` timestamp NULL DEFAULT NULL,
  `updated_at` timestamp NULL DEFAULT NULL
) ENGINE=InnoDB DEFAULT CHARSET=utf8mb4 COLLATE=utf8mb4_unicode_ci;

--
-- Dumping data for table `reported_diseases`
--

INSERT INTO `reported_diseases` (`id`, `cooperative_id`, `disease_id`, `disease_category`, `longitude`, `latitude`, `created_at`, `updated_at`) VALUES
(1, 1, 1, 'Leaf diseases', '30.337790000000002', '-1.2637450000000001', '2023-04-25 18:00:15', '2023-04-25 18:00:15');

-- --------------------------------------------------------

--
-- Table structure for table `reporters`
--

CREATE TABLE `reporters` (
  `id` bigint(20) UNSIGNED NOT NULL,
  `farmer_id` bigint(20) UNSIGNED NOT NULL,
  `username` varchar(255) NOT NULL,
  `email` varchar(225) NOT NULL,
  `password` varchar(255) NOT NULL,
  `created_at` timestamp NULL DEFAULT NULL,
  `updated_at` timestamp NULL DEFAULT NULL
) ENGINE=InnoDB DEFAULT CHARSET=utf8mb4 COLLATE=utf8mb4_unicode_ci;

--
-- Dumping data for table `reporters`
--

INSERT INTO `reporters` (`id`, `farmer_id`, `username`, `email`, `password`, `created_at`, `updated_at`) VALUES
(1, 1, 'TUYISHIME Aime', 'tuyishimeaime250@gmail.com', '$2y$10$1iFxAdMva2Q6s3GPp9w2puOW57sxXBlFDf4ZyekDQpb.iHa3P48YK', '2023-04-25 21:59:07', '2023-04-25 21:59:07');

-- --------------------------------------------------------

--
-- Table structure for table `roles`
--

CREATE TABLE `roles` (
  `id` bigint(20) UNSIGNED NOT NULL,
  `name` varchar(255) NOT NULL,
  `guard_name` varchar(255) NOT NULL,
  `created_at` timestamp NULL DEFAULT NULL,
  `updated_at` timestamp NULL DEFAULT NULL
) ENGINE=InnoDB DEFAULT CHARSET=utf8mb4 COLLATE=utf8mb4_unicode_ci;

--
-- Dumping data for table `roles`
--

INSERT INTO `roles` (`id`, `name`, `guard_name`, `created_at`, `updated_at`) VALUES
(1, 'Super-Admin', 'web', '2023-03-22 18:11:26', '2023-03-22 18:11:26'),
(2, 'Admin', 'web', '2023-03-23 16:40:56', '2023-03-23 16:40:56'),
(3, 'Naeb', 'web', '2023-03-23 16:41:56', '2023-03-23 16:41:56'),
(4, 'Rab', 'web', '2023-03-23 16:42:52', '2023-03-23 16:42:52'),
(5, 'District-agro', 'web', '2023-03-23 16:44:10', '2023-03-23 16:44:10'),
(6, 'Sector-agro', 'web', '2023-03-23 16:44:37', '2023-03-23 16:44:37'),
(7, 'SEDO', 'web', '2023-03-23 16:52:24', '2023-03-23 16:52:24'),
(8, 'Manager', 'web', '2023-03-23 16:52:38', '2023-03-23 16:52:38');

-- --------------------------------------------------------

--
-- Table structure for table `role_has_permissions`
--

CREATE TABLE `role_has_permissions` (
  `permission_id` bigint(20) UNSIGNED NOT NULL,
  `role_id` bigint(20) UNSIGNED NOT NULL
) ENGINE=InnoDB DEFAULT CHARSET=utf8mb4 COLLATE=utf8mb4_unicode_ci;

--
-- Dumping data for table `role_has_permissions`
--

INSERT INTO `role_has_permissions` (`permission_id`, `role_id`) VALUES
(1, 1),
(2, 1),
(2, 2),
(3, 1),
(3, 8),
(4, 1),
(4, 2),
(4, 4),
(5, 1),
(6, 1),
(6, 2),
(7, 1),
(7, 2),
(7, 4),
(8, 1),
(9, 1),
(10, 1),
(10, 2),
(11, 1),
(11, 8),
(12, 1),
(12, 2),
(12, 4),
(13, 1),
(14, 1),
(14, 2),
(14, 3),
(14, 4),
(14, 5),
(14, 6),
(14, 7),
(15, 1),
(15, 2),
(15, 3),
(15, 4),
(15, 5),
(15, 6),
(15, 7),
(15, 8),
(16, 1),
(16, 2),
(16, 3),
(16, 4),
(16, 5),
(16, 6),
(17, 1),
(18, 1),
(19, 1),
(20, 1),
(21, 1),
(22, 1),
(23, 1),
(24, 1),
(25, 1);

-- --------------------------------------------------------

--
-- Table structure for table `sales`
--

CREATE TABLE `sales` (
  `id` bigint(20) UNSIGNED NOT NULL,
  `customer` varchar(225) NOT NULL,
  `product` varchar(225) NOT NULL,
  `price` int(11) NOT NULL,
  `quantity` int(11) NOT NULL,
  `payment` varchar(225) NOT NULL,
  `year` date NOT NULL,
  `cooperative_id` bigint(20) UNSIGNED NOT NULL,
  `created_at` timestamp NULL DEFAULT NULL,
  `updated_at` timestamp NULL DEFAULT NULL
) ENGINE=InnoDB DEFAULT CHARSET=utf8mb4 COLLATE=utf8mb4_unicode_ci;

--
-- Dumping data for table `sales`
--

INSERT INTO `sales` (`id`, `customer`, `product`, `price`, `quantity`, `payment`, `year`, `cooperative_id`, `created_at`, `updated_at`) VALUES
(1, 'ISHIMWE Urban', 'Arabica beans', 20000, 10, 'MoMo Pay', '2023-04-07', 1, '2023-04-13 20:33:16', '2023-04-13 20:33:45'),
(3, 'MUNANIRA Elissa', 'Arabica beans', 10000, 5, 'Cash', '2023-05-09', 1, '2023-05-10 02:59:46', '2023-05-10 02:59:46');

-- --------------------------------------------------------

--
-- Table structure for table `sectors`
--

CREATE TABLE `sectors` (
  `id` bigint(20) UNSIGNED NOT NULL,
  `sectorcode` int(11) NOT NULL,
  `namesector` varchar(225) NOT NULL,
  `districtcode` bigint(20) UNSIGNED NOT NULL,
  `created_at` timestamp NULL DEFAULT NULL,
  `updated_at` timestamp NULL DEFAULT NULL
) ENGINE=InnoDB DEFAULT CHARSET=utf8mb4 COLLATE=utf8mb4_unicode_ci;

--
-- Dumping data for table `sectors`
--

INSERT INTO `sectors` (`id`, `sectorcode`, `namesector`, `districtcode`, `created_at`, `updated_at`) VALUES
(2, 10101, 'Gitega', 101, NULL, NULL),
(3, 10102, 'Kanyinya', 101, NULL, NULL),
(4, 10103, 'Kigali', 101, NULL, NULL),
(5, 10104, 'Kimisagara', 101, NULL, NULL),
(6, 10105, 'Mageragere', 101, NULL, NULL),
(7, 10106, 'Muhima', 101, NULL, NULL),
(8, 10107, 'Nyakabanda', 101, NULL, NULL),
(9, 10108, 'Nyamirambo', 101, NULL, NULL),
(10, 10109, 'Nyarugenge', 101, NULL, NULL),
(11, 10110, 'Rwezamenyo', 101, NULL, NULL),
(13, 10201, 'Bumbogo', 102, NULL, NULL),
(14, 10202, 'Gatsata', 102, NULL, NULL),
(15, 10203, 'Gikomero', 102, NULL, NULL),
(16, 10204, 'Gisozi', 102, NULL, NULL),
(17, 10205, 'Jabana', 102, NULL, NULL),
(18, 10206, 'Jali', 102, NULL, NULL),
(19, 10207, 'Kacyiru', 102, NULL, NULL),
(20, 10208, 'Kimihurura', 102, NULL, NULL),
(21, 10209, 'Kimironko', 102, NULL, NULL),
(22, 10210, 'Kinyinya', 102, NULL, NULL),
(23, 10211, 'Ndera', 102, NULL, NULL),
(24, 10212, 'Nduba', 102, NULL, NULL),
(25, 10213, 'Remera', 102, NULL, NULL),
(26, 10214, 'Rusororo', 102, NULL, NULL),
(27, 10215, 'Rutunga', 102, NULL, NULL),
(29, 10301, 'Gahanga', 103, NULL, NULL),
(30, 10302, 'Gatenga', 103, NULL, NULL),
(31, 10303, 'Gikondo', 103, NULL, NULL),
(32, 10304, 'Kagarama', 103, NULL, NULL),
(33, 10305, 'Kanombe', 103, NULL, NULL),
(34, 10306, 'Kicukiro', 103, NULL, NULL),
(35, 10307, 'Kigarama', 103, NULL, NULL),
(36, 10308, 'Masaka', 103, NULL, NULL),
(37, 10309, 'Niboye', 103, NULL, NULL),
(38, 10310, 'Nyarugunga', 103, NULL, NULL),
(40, 20101, 'Busasamana', 201, NULL, NULL),
(41, 20102, 'Busoro', 201, NULL, NULL),
(42, 20103, 'Cyabakamyi', 201, NULL, NULL),
(43, 20104, 'Kibilizi', 201, NULL, NULL),
(44, 20105, 'Kigoma', 201, NULL, NULL),
(45, 20106, 'Mukingo', 201, NULL, NULL),
(46, 20107, 'Muyira', 201, NULL, NULL),
(47, 20108, 'Ntyazo', 201, NULL, NULL),
(48, 20109, 'Nyagisozi', 201, NULL, NULL),
(49, 20110, 'Rwabicuma', 201, NULL, NULL),
(51, 20201, 'Gikonko', 202, NULL, NULL),
(52, 20202, 'Gishubi', 202, NULL, NULL),
(53, 20203, 'Kansi', 202, NULL, NULL),
(54, 20204, 'Kibirizi', 202, NULL, NULL),
(55, 20205, 'Kigembe', 202, NULL, NULL),
(56, 20206, 'Mamba', 202, NULL, NULL),
(57, 20207, 'Muganza', 202, NULL, NULL),
(58, 20208, 'Mugombwa', 202, NULL, NULL),
(59, 20209, 'Mukindo', 202, NULL, NULL),
(60, 20210, 'Musha', 202, NULL, NULL),
(61, 20211, 'Ndora', 202, NULL, NULL),
(62, 20212, 'Nyanza', 202, NULL, NULL),
(63, 20213, 'Save', 202, NULL, NULL),
(65, 20301, 'Busanze', 203, NULL, NULL),
(66, 20302, 'Cyahinda', 203, NULL, NULL),
(67, 20303, 'Kibeho', 203, NULL, NULL),
(68, 20304, 'Kivu', 203, NULL, NULL),
(69, 20305, 'Mata', 203, NULL, NULL),
(70, 20306, 'Muganza', 203, NULL, NULL),
(71, 20307, 'Munini', 203, NULL, NULL),
(72, 20308, 'Ngera', 203, NULL, NULL),
(73, 20309, 'Ngoma', 203, NULL, NULL),
(74, 20310, 'Nyabimata', 203, NULL, NULL),
(75, 20311, 'Nyagisozi', 203, NULL, NULL),
(76, 20312, 'Ruheru', 203, NULL, NULL),
(77, 20313, 'Ruramba', 203, NULL, NULL),
(78, 20314, 'Rusenge', 203, NULL, NULL),
(80, 20401, 'Gishamvu', 204, NULL, NULL),
(81, 20402, 'Huye', 204, NULL, NULL),
(82, 20403, 'Karama', 204, NULL, NULL),
(83, 20404, 'Kigoma', 204, NULL, NULL),
(84, 20405, 'Kinazi', 204, NULL, NULL),
(85, 20406, 'Maraba', 204, NULL, NULL),
(86, 20407, 'Mbazi', 204, NULL, NULL),
(87, 20408, 'Mukura', 204, NULL, NULL),
(88, 20409, 'Ngoma', 204, NULL, NULL),
(89, 20410, 'Ruhashya', 204, NULL, NULL),
(90, 20411, 'Rusatira', 204, NULL, NULL),
(91, 20412, 'Rwaniro', 204, NULL, NULL),
(92, 20413, 'Simbi', 204, NULL, NULL),
(93, 20414, 'Tumba', 204, NULL, NULL),
(95, 20501, 'Buruhukiro', 205, NULL, NULL),
(96, 20502, 'Cyanika', 205, NULL, NULL),
(97, 20503, 'Gasaka', 205, NULL, NULL),
(98, 20504, 'Gatare', 205, NULL, NULL),
(99, 20505, 'Kaduha', 205, NULL, NULL),
(100, 20506, 'Kamegeri', 205, NULL, NULL),
(101, 20507, 'Kibirizi', 205, NULL, NULL),
(102, 20508, 'Kibumbwe', 205, NULL, NULL),
(103, 20509, 'Kitabi', 205, NULL, NULL),
(104, 20510, 'Mbazi', 205, NULL, NULL),
(105, 20511, 'Mugano', 205, NULL, NULL),
(106, 20512, 'Musange', 205, NULL, NULL),
(107, 20513, 'Musebeya', 205, NULL, NULL),
(108, 20514, 'Mushubi', 205, NULL, NULL),
(109, 20515, 'Nkomane', 205, NULL, NULL),
(110, 20516, 'Tare', 205, NULL, NULL),
(111, 20517, 'Uwinkingi', 205, NULL, NULL),
(113, 20601, 'Bweramana', 206, NULL, NULL),
(114, 20602, 'Byimana', 206, NULL, NULL),
(115, 20603, 'Kabagali', 206, NULL, NULL),
(116, 20604, 'Kinazi', 206, NULL, NULL),
(117, 20605, 'Kinihira', 206, NULL, NULL),
(118, 20606, 'Mbuye', 206, NULL, NULL),
(119, 20607, 'Mwendo', 206, NULL, NULL),
(120, 20608, 'Ntongwe', 206, NULL, NULL),
(121, 20609, 'Ruhango', 206, NULL, NULL),
(123, 20701, 'Cyeza', 207, NULL, NULL),
(124, 20702, 'Kabacuzi', 207, NULL, NULL),
(125, 20703, 'Kibangu', 207, NULL, NULL),
(126, 20704, 'Kiyumba', 207, NULL, NULL),
(127, 20705, 'Muhanga', 207, NULL, NULL),
(128, 20706, 'Mushishiro', 207, NULL, NULL),
(129, 20707, 'Nyabinoni', 207, NULL, NULL),
(130, 20708, 'Nyamabuye', 207, NULL, NULL),
(131, 20709, 'Nyarusange', 207, NULL, NULL),
(132, 20710, 'Rongi', 207, NULL, NULL),
(133, 20711, 'Rugendabari', 207, NULL, NULL),
(134, 20712, 'Shyogwe', 207, NULL, NULL),
(136, 20801, 'Gacurabwenge', 208, NULL, NULL),
(137, 20802, 'Karama', 208, NULL, NULL),
(138, 20803, 'Kayenzi', 208, NULL, NULL),
(139, 20804, 'Kayumbu', 208, NULL, NULL),
(140, 20805, 'Mugina', 208, NULL, NULL),
(141, 20806, 'Musambira', 208, NULL, NULL),
(142, 20807, 'Ngamba', 208, NULL, NULL),
(143, 20808, 'Nyamiyaga', 208, NULL, NULL),
(144, 20809, 'Nyarubaka', 208, NULL, NULL),
(145, 20810, 'Rugarika', 208, NULL, NULL),
(146, 20811, 'Rukoma', 208, NULL, NULL),
(147, 20812, 'Runda', 208, NULL, NULL),
(149, 30101, 'Bwishyura', 301, NULL, NULL),
(150, 30102, 'Gashari', 301, NULL, NULL),
(151, 30103, 'Gishyita', 301, NULL, NULL),
(152, 30104, 'Gitesi', 301, NULL, NULL),
(153, 30105, 'Mubuga', 301, NULL, NULL),
(154, 30106, 'Murambi', 301, NULL, NULL),
(155, 30107, 'Murundi', 301, NULL, NULL),
(156, 30108, 'Mutuntu', 301, NULL, NULL),
(157, 30109, 'Rubengera', 301, NULL, NULL),
(158, 30110, 'Rugabano', 301, NULL, NULL),
(159, 30111, 'Ruganda', 301, NULL, NULL),
(160, 30112, 'Rwankuba', 301, NULL, NULL),
(161, 30113, 'Twumba', 301, NULL, NULL),
(163, 30201, 'Boneza', 302, NULL, NULL),
(164, 30202, 'Gihango', 302, NULL, NULL),
(165, 30203, 'Kigeyo', 302, NULL, NULL),
(166, 30204, 'Kivumu', 302, NULL, NULL),
(167, 30205, 'Manihira', 302, NULL, NULL),
(168, 30206, 'Mukura', 302, NULL, NULL),
(169, 30207, 'Murunda', 302, NULL, NULL),
(170, 30208, 'Musasa', 302, NULL, NULL),
(171, 30209, 'Mushonyi', 302, NULL, NULL),
(172, 30210, 'Mushubati', 302, NULL, NULL),
(173, 30211, 'Nyabirasi', 302, NULL, NULL),
(174, 30212, 'Ruhango', 302, NULL, NULL),
(175, 30213, 'Rusebeya', 302, NULL, NULL),
(177, 30301, 'Bugeshi', 303, NULL, NULL),
(178, 30302, 'Busasamana', 303, NULL, NULL),
(179, 30303, 'Cyanzarwe', 303, NULL, NULL),
(180, 30304, 'Gisenyi', 303, NULL, NULL),
(181, 30305, 'Kanama', 303, NULL, NULL),
(182, 30306, 'Kanzenze', 303, NULL, NULL),
(183, 30307, 'Mudende', 303, NULL, NULL),
(184, 30308, 'Nyakiriba', 303, NULL, NULL),
(185, 30309, 'Nyamyumba', 303, NULL, NULL),
(186, 30310, 'Nyundo', 303, NULL, NULL),
(187, 30311, 'Rubavu', 303, NULL, NULL),
(188, 30312, 'Rugerero', 303, NULL, NULL),
(190, 30401, 'Bigogwe', 304, NULL, NULL),
(191, 30402, 'Jenda', 304, NULL, NULL),
(192, 30403, 'Jomba', 304, NULL, NULL),
(193, 30404, 'Kabatwa', 304, NULL, NULL),
(194, 30405, 'Karago', 304, NULL, NULL),
(195, 30406, 'Kintobo', 304, NULL, NULL),
(196, 30407, 'Mukamira', 304, NULL, NULL),
(197, 30408, 'Muringa', 304, NULL, NULL),
(198, 30409, 'Rambura', 304, NULL, NULL),
(199, 30410, 'Rugera', 304, NULL, NULL),
(200, 30411, 'Rurembo', 304, NULL, NULL),
(201, 30412, 'Shyira', 304, NULL, NULL),
(203, 30501, 'BWIRA', 305, NULL, NULL),
(204, 30502, 'GATUMBA', 305, NULL, NULL),
(205, 30503, 'HINDIRO', 305, NULL, NULL),
(206, 30504, 'KABAYA', 305, NULL, NULL),
(207, 30505, 'KAGEYO', 305, NULL, NULL),
(208, 30506, 'KAVUMU', 305, NULL, NULL),
(209, 30507, 'MATYAZO', 305, NULL, NULL),
(210, 30508, 'MUHANDA', 305, NULL, NULL),
(211, 30509, 'MUHORORO', 305, NULL, NULL),
(212, 30510, 'NDARO', 305, NULL, NULL),
(213, 30511, 'NGORORERO', 305, NULL, NULL),
(214, 30512, 'NYANGE', 305, NULL, NULL),
(215, 30513, 'SOVU', 305, NULL, NULL),
(217, 30601, 'Bugarama', 306, NULL, NULL),
(218, 30602, 'Butare', 306, NULL, NULL),
(219, 30603, 'Bweyeye', 306, NULL, NULL),
(220, 30604, 'Gashonga', 306, NULL, NULL),
(221, 30605, 'Giheke', 306, NULL, NULL),
(222, 30606, 'Gihundwe', 306, NULL, NULL),
(223, 30607, 'Gikundamvura', 306, NULL, NULL),
(224, 30608, 'Gitambi', 306, NULL, NULL),
(225, 30609, 'Kamembe', 306, NULL, NULL),
(226, 30610, 'Muganza', 306, NULL, NULL),
(227, 30611, 'Mururu', 306, NULL, NULL),
(228, 30612, 'Nkanka', 306, NULL, NULL),
(229, 30613, 'Nkombo', 306, NULL, NULL),
(230, 30614, 'Nkungu', 306, NULL, NULL),
(231, 30615, 'Nyakabuye', 306, NULL, NULL),
(232, 30616, 'Nyakarenzo', 306, NULL, NULL),
(233, 30617, 'Nzahaha', 306, NULL, NULL),
(234, 30618, 'Rwimbogo', 306, NULL, NULL),
(236, 30701, 'Bushekeri', 307, NULL, NULL),
(237, 30702, 'Bushenge', 307, NULL, NULL),
(238, 30703, 'Cyato', 307, NULL, NULL),
(239, 30704, 'Gihombo', 307, NULL, NULL),
(240, 30705, 'Kagano', 307, NULL, NULL),
(241, 30706, 'Kanjongo', 307, NULL, NULL),
(242, 30707, 'Karambi', 307, NULL, NULL),
(243, 30708, 'Karengera', 307, NULL, NULL),
(244, 30709, 'Kirimbi', 307, NULL, NULL),
(245, 30710, 'Macuba', 307, NULL, NULL),
(246, 30711, 'Mahembe', 307, NULL, NULL),
(247, 30712, 'Nyabitekeri', 307, NULL, NULL),
(248, 30713, 'Rangiro', 307, NULL, NULL),
(249, 30714, 'Ruharambuga', 307, NULL, NULL),
(250, 30715, 'Shangi', 307, NULL, NULL),
(252, 40101, 'BASE', 401, NULL, NULL),
(253, 40102, 'BUREGA', 401, NULL, NULL),
(254, 40103, 'BUSHOKI', 401, NULL, NULL),
(255, 40104, 'BUYOGA', 401, NULL, NULL),
(256, 40105, 'CYINZUZI', 401, NULL, NULL),
(257, 40106, 'CYUNGO', 401, NULL, NULL),
(258, 40107, 'KINIHIRA', 401, NULL, NULL),
(259, 40108, 'KISARO', 401, NULL, NULL),
(260, 40109, 'MASORO', 401, NULL, NULL),
(261, 40110, 'MBOGO', 401, NULL, NULL),
(262, 40111, 'MURAMBI', 401, NULL, NULL),
(263, 40112, 'NGOMA', 401, NULL, NULL),
(264, 40113, 'NTARABANA', 401, NULL, NULL),
(265, 40114, 'RUKOZO', 401, NULL, NULL),
(266, 40115, 'RUSIGA', 401, NULL, NULL),
(267, 40116, 'SHYORONGI', 401, NULL, NULL),
(268, 40117, 'TUMBA', 401, NULL, NULL),
(270, 40201, 'Busengo ', 402, NULL, NULL),
(271, 40202, 'Coko ', 402, NULL, NULL),
(272, 40203, 'Cyabingo ', 402, NULL, NULL),
(273, 40204, 'Gakenke ', 402, NULL, NULL),
(274, 40205, 'Gashenyi ', 402, NULL, NULL),
(275, 40206, 'Janja ', 402, NULL, NULL),
(276, 40207, 'Kamubuga ', 402, NULL, NULL),
(277, 40208, 'Karambo ', 402, NULL, NULL),
(278, 40209, 'Kivuruga ', 402, NULL, NULL),
(279, 40210, 'Mataba ', 402, NULL, NULL),
(280, 40211, 'Minazi ', 402, NULL, NULL),
(281, 40212, 'Mugunga ', 402, NULL, NULL),
(282, 40213, 'Muhondo ', 402, NULL, NULL),
(283, 40214, 'Muyongwe ', 402, NULL, NULL),
(284, 40215, 'Muzo ', 402, NULL, NULL),
(285, 40216, 'Nemba ', 402, NULL, NULL),
(286, 40217, 'Ruli ', 402, NULL, NULL),
(287, 40218, 'Rusasa ', 402, NULL, NULL),
(288, 40219, 'Rushashi ', 402, NULL, NULL),
(290, 40301, 'Busogo', 403, NULL, NULL),
(291, 40302, 'Cyuve', 403, NULL, NULL),
(292, 40303, 'Gacaca', 403, NULL, NULL),
(293, 40304, 'Gashaki', 403, NULL, NULL),
(294, 40305, 'Gataraga', 403, NULL, NULL),
(295, 40306, 'Kimonyi', 403, NULL, NULL),
(296, 40307, 'Kinigi', 403, NULL, NULL),
(297, 40308, 'Muhoza', 403, NULL, NULL),
(298, 40309, 'Muko', 403, NULL, NULL),
(299, 40310, 'Musanze', 403, NULL, NULL),
(300, 40311, 'Nkotsi', 403, NULL, NULL),
(301, 40312, 'Nyange', 403, NULL, NULL),
(302, 40313, 'Remera', 403, NULL, NULL),
(303, 40314, 'Rwaza', 403, NULL, NULL),
(304, 40315, 'Shingiro', 403, NULL, NULL),
(306, 40401, 'Bungwe', 404, NULL, NULL),
(307, 40402, 'Butaro', 404, NULL, NULL),
(308, 40403, 'Cyanika', 404, NULL, NULL),
(309, 40404, 'Cyeru', 404, NULL, NULL),
(310, 40405, 'Gahunga', 404, NULL, NULL),
(311, 40406, 'Gatebe', 404, NULL, NULL),
(312, 40407, 'Gitovu', 404, NULL, NULL),
(313, 40408, 'Kagogo', 404, NULL, NULL),
(314, 40409, 'Kinoni', 404, NULL, NULL),
(315, 40410, 'Kinyababa', 404, NULL, NULL),
(316, 40411, 'Kivuye', 404, NULL, NULL),
(317, 40412, 'Nemba', 404, NULL, NULL),
(318, 40413, 'Rugarama', 404, NULL, NULL),
(319, 40414, 'Rugengabari', 404, NULL, NULL),
(320, 40415, 'Ruhunde', 404, NULL, NULL),
(321, 40416, 'Rusarabuye', 404, NULL, NULL),
(322, 40417, 'Rwerere', 404, NULL, NULL),
(324, 40501, 'Bukure', 405, NULL, NULL),
(325, 40502, 'Bwisige', 405, NULL, NULL),
(326, 40503, 'Byumba', 405, NULL, NULL),
(327, 40504, 'Cyumba', 405, NULL, NULL),
(328, 40505, 'Giti', 405, NULL, NULL),
(329, 40506, 'Kageyo', 405, NULL, NULL),
(330, 40507, 'Kaniga', 405, NULL, NULL),
(331, 40508, 'Manyagiro', 405, NULL, NULL),
(332, 40509, 'Miyove', 405, NULL, NULL),
(333, 40510, 'Mukarange', 405, NULL, NULL),
(334, 40511, 'Muko', 405, NULL, NULL),
(335, 40512, 'Mutete', 405, NULL, NULL),
(336, 40513, 'Nyamiyaga', 405, NULL, NULL),
(337, 40514, 'Nyankenke', 405, NULL, NULL),
(338, 40515, 'Rubaya', 405, NULL, NULL),
(339, 40516, 'Rukomo', 405, NULL, NULL),
(340, 40517, 'Rushaki', 405, NULL, NULL),
(341, 40518, 'Rutare', 405, NULL, NULL),
(342, 40519, 'Ruvune', 405, NULL, NULL),
(343, 40520, 'Rwamiko', 405, NULL, NULL),
(344, 40521, 'Shangasha', 405, NULL, NULL),
(346, 50101, 'Fumbwe', 501, NULL, NULL),
(347, 50102, 'Gahengeri', 501, NULL, NULL),
(348, 50103, 'Gishali', 501, NULL, NULL),
(349, 50104, 'Karenge', 501, NULL, NULL),
(350, 50105, 'Kigabiro', 501, NULL, NULL),
(351, 50106, 'Muhazi', 501, NULL, NULL),
(352, 50107, 'Munyaga', 501, NULL, NULL),
(353, 50108, 'Munyiginya', 501, NULL, NULL),
(354, 50109, 'Musha', 501, NULL, NULL),
(355, 50110, 'Muyumbu', 501, NULL, NULL),
(356, 50111, 'Mwulire', 501, NULL, NULL),
(357, 50112, 'Nyakaliro', 501, NULL, NULL),
(358, 50113, 'Nzige', 501, NULL, NULL),
(359, 50114, 'Rubona', 501, NULL, NULL),
(361, 50201, 'GATUNDA', 502, NULL, NULL),
(362, 50202, 'KARAMA', 502, NULL, NULL),
(363, 50203, 'KARANGAZI', 502, NULL, NULL),
(364, 50204, 'KATABAGEMU', 502, NULL, NULL),
(365, 50205, 'KIYOMBE', 502, NULL, NULL),
(366, 50206, 'MATIMBA', 502, NULL, NULL),
(367, 50207, 'MIMURI', 502, NULL, NULL),
(368, 50208, 'MUKAMA', 502, NULL, NULL),
(369, 50209, 'MUSHERI', 502, NULL, NULL),
(370, 50210, 'NYAGATARE', 502, NULL, NULL),
(371, 50211, 'RUKOMO', 502, NULL, NULL),
(372, 50212, 'RWEMPASHA', 502, NULL, NULL),
(373, 50213, 'RWIMIYAGA', 502, NULL, NULL),
(374, 50214, 'TABAGWE', 502, NULL, NULL),
(376, 50301, 'Gasange', 503, NULL, NULL),
(377, 50302, 'Gatsibo', 503, NULL, NULL),
(378, 50303, 'Gitoki', 503, NULL, NULL),
(379, 50304, 'Kabarore', 503, NULL, NULL),
(380, 50305, 'Kageyo', 503, NULL, NULL),
(381, 50306, 'Kiramuruzi', 503, NULL, NULL),
(382, 50307, 'Kiziguro', 503, NULL, NULL),
(383, 50308, 'Muhura', 503, NULL, NULL),
(384, 50309, 'Murambi', 503, NULL, NULL),
(385, 50310, 'Ngarama', 503, NULL, NULL),
(386, 50311, 'Nyagihanga', 503, NULL, NULL),
(387, 50312, 'Remera', 503, NULL, NULL),
(388, 50313, 'Rugarama', 503, NULL, NULL),
(389, 50314, 'Rwimbogo', 503, NULL, NULL),
(391, 50401, 'Gahini', 504, NULL, NULL),
(392, 50402, 'Kabare', 504, NULL, NULL),
(393, 50403, 'Kabarondo', 504, NULL, NULL),
(394, 50404, 'Mukarange', 504, NULL, NULL),
(395, 50405, 'Murama', 504, NULL, NULL),
(396, 50406, 'Murundi', 504, NULL, NULL),
(397, 50407, 'Mwiri', 504, NULL, NULL),
(398, 50408, 'Ndego', 504, NULL, NULL),
(399, 50409, 'Nyamirama', 504, NULL, NULL),
(400, 50410, 'Rukara', 504, NULL, NULL),
(401, 50411, 'Ruramira', 504, NULL, NULL),
(402, 50412, 'Rwinkwavu', 504, NULL, NULL),
(404, 50501, 'Gahara', 505, NULL, NULL),
(405, 50502, 'Gatore', 505, NULL, NULL),
(406, 50503, 'Kigarama', 505, NULL, NULL),
(407, 50504, 'Kigina', 505, NULL, NULL),
(408, 50505, 'Kirehe', 505, NULL, NULL),
(409, 50506, 'Mahama', 505, NULL, NULL),
(410, 50507, 'Mpanga', 505, NULL, NULL),
(411, 50508, 'Musaza', 505, NULL, NULL),
(412, 50509, 'Mushikiri', 505, NULL, NULL),
(413, 50510, 'Nasho', 505, NULL, NULL),
(414, 50511, 'Nyamugari', 505, NULL, NULL),
(415, 50512, 'Nyarubuye', 505, NULL, NULL),
(417, 50601, 'Gashanda', 506, NULL, NULL),
(418, 50602, 'Jarama', 506, NULL, NULL),
(419, 50603, 'Karembo', 506, NULL, NULL),
(420, 50604, 'Kazo', 506, NULL, NULL),
(421, 50605, 'Kibungo', 506, NULL, NULL),
(422, 50606, 'Mugesera', 506, NULL, NULL),
(423, 50607, 'Murama', 506, NULL, NULL),
(424, 50608, 'Mutenderi', 506, NULL, NULL),
(425, 50609, 'Remera', 506, NULL, NULL),
(426, 50610, 'Rukira', 506, NULL, NULL),
(427, 50611, 'Rukumberi', 506, NULL, NULL),
(428, 50612, 'Rurenge', 506, NULL, NULL),
(429, 50613, 'Sake', 506, NULL, NULL),
(430, 50614, 'Zaza', 506, NULL, NULL),
(432, 50701, 'Gashora', 507, NULL, NULL),
(433, 50702, 'Juru', 507, NULL, NULL),
(434, 50703, 'Kamabuye', 507, NULL, NULL),
(435, 50704, 'Mareba', 507, NULL, NULL),
(436, 50705, 'Mayange', 507, NULL, NULL),
(437, 50706, 'Musenyi', 507, NULL, NULL),
(438, 50707, 'Mwogo', 507, NULL, NULL),
(439, 50708, 'Ngeruka', 507, NULL, NULL),
(440, 50709, 'Ntarama', 507, NULL, NULL),
(441, 50710, 'Nyamata', 507, NULL, NULL),
(442, 50711, 'Nyarugenge', 507, NULL, NULL),
(443, 50712, 'Ririma', 507, NULL, NULL),
(444, 50713, 'Ruhuha', 507, NULL, NULL),
(445, 50714, 'Rweru', 507, NULL, NULL),
(446, 50715, 'Shyara', 507, NULL, NULL);

-- --------------------------------------------------------

--
-- Table structure for table `stocks`
--

CREATE TABLE `stocks` (
  `id` bigint(20) UNSIGNED NOT NULL,
  `product` varchar(255) NOT NULL,
  `season` varchar(255) NOT NULL,
  `quantity` int(11) NOT NULL,
  `year` date NOT NULL,
  `cooperative_id` bigint(20) UNSIGNED NOT NULL,
  `created_at` timestamp NULL DEFAULT NULL,
  `updated_at` timestamp NULL DEFAULT NULL
) ENGINE=InnoDB DEFAULT CHARSET=utf8mb4 COLLATE=utf8mb4_unicode_ci;

--
-- Dumping data for table `stocks`
--

INSERT INTO `stocks` (`id`, `product`, `season`, `quantity`, `year`, `cooperative_id`, `created_at`, `updated_at`) VALUES
(1, 'Arabica beans', 'Season A', 200000, '2018-03-13', 1, '2023-04-13 18:14:21', '2023-04-13 18:15:49'),
(2, 'Robusta beans', 'Season A', 2000, '2023-04-14', 1, '2023-04-14 22:39:37', '2023-04-14 22:39:37');

-- --------------------------------------------------------

--
-- Table structure for table `users`
--

CREATE TABLE `users` (
  `id` bigint(20) UNSIGNED NOT NULL,
  `name` varchar(255) NOT NULL,
  `gender` varchar(10) NOT NULL,
  `role` varchar(225) NOT NULL,
  `username` varchar(225) NOT NULL,
  `email` varchar(255) NOT NULL,
  `phone` varchar(225) NOT NULL,
  `image` varchar(225) NOT NULL,
  `province` varchar(100) NOT NULL,
  `district` varchar(100) NOT NULL,
  `sector` varchar(100) NOT NULL,
  `cell` varchar(100) NOT NULL,
  `email_verified_at` timestamp NULL DEFAULT NULL,
  `password` varchar(255) NOT NULL,
  `remember_token` varchar(100) DEFAULT NULL,
  `created_at` date DEFAULT NULL,
  `updated_at` timestamp NULL DEFAULT NULL
) ENGINE=InnoDB DEFAULT CHARSET=utf8mb4 COLLATE=utf8mb4_unicode_ci;

--
-- Dumping data for table `users`
--

INSERT INTO `users` (`id`, `name`, `gender`, `role`, `username`, `email`, `phone`, `image`, `province`, `district`, `sector`, `cell`, `email_verified_at`, `password`, `remember_token`, `created_at`, `updated_at`) VALUES
(1, 'NIYONZIMA Simplice', 'Male', 'Super-Admin', 'Simplice', 'nsimplice0@gmail.com', '0723438222', 'DSC_0234.JPG', 'Southern Province', 'MUHANGA', 'Shyogwe', 'Ruli', NULL, '$2y$10$S.ldskjjgLCsbyxnjnVQ9OevnLjM5WHRSCovmSwu0oBD2sXmn2sjm', NULL, '2023-03-22', '2023-05-11 17:11:30'),
(2, 'NISHIMIRWE Adrien', 'Male', 'Super-Admin', 'Adrien', 'nishadrien@gmail.com', '0723438223', 'userImage.jpg', 'Southern Province', 'GISAGARA', 'Kibirizi', 'Duwani', NULL, '$2y$10$9qeGV0Cpzogz0VbbIu6L5./dqsFYX5rOz8iO/uBqaSw4Yz8ohc3.q', NULL, '2023-03-22', '2023-04-14 19:17:30'),
(4, 'MUPENZI Espoir', 'Male', 'Manager', 'Espoir', 'muespoire@gmail.com', '0784567442', 'userImage.jpg', 'Southern Province', 'MUHANGA', 'Nyamabuye', 'Gitarama', NULL, '$2y$10$zAyuUllzhXH2CKlVWRbfiORNKAmOiM1/fTv8spT.2/8QYLTlV5uFa', NULL, '2023-03-25', '2023-05-01 00:15:48'),
(5, 'CYIZA MUGABO Christian', 'Male', 'Manager', 'Cyiza', 'cyizamugabo1@gmail.com', '+250723438097', 'userImage.jpg', 'kigali city', 'GASABO', 'Gisozi', 'Musezero ', NULL, '$2y$10$nxygyz6hu6PiaY/U/vucQeparhZyIgeOgiuPn15Ll2oyDmbciJgRG', NULL, '2023-03-25', '2023-04-14 19:19:02'),
(6, 'Rui HACHIMURA', 'Male', 'SEDO', 'Hachimura', 'ruihachimura28@gmail.com', '0788594330', 'userImage.jpg', 'Southern Province', 'GISAGARA', 'Muganza', 'Rwamiko', NULL, '$2y$10$VD.mkT.llNsHHKDzDZ/8euRNjmbcRZzTwGBw2W9V5YY0cERu7Ux/a', NULL, '2023-04-17', '2023-04-18 02:41:04');

--
-- Indexes for dumped tables
--

--
-- Indexes for table `cells`
--
ALTER TABLE `cells`
  ADD PRIMARY KEY (`id`);

--
-- Indexes for table `cooperatives`
--
ALTER TABLE `cooperatives`
  ADD PRIMARY KEY (`id`);

--
-- Indexes for table `cooperative_stocks`
--
ALTER TABLE `cooperative_stocks`
  ADD PRIMARY KEY (`id`),
  ADD UNIQUE KEY `product_category` (`product_category`,`cooperative_id`),
  ADD KEY `cooperative_stocks_cooperative_id_foreign` (`cooperative_id`);

--
-- Indexes for table `cooperative_user`
--
ALTER TABLE `cooperative_user`
  ADD PRIMARY KEY (`user_id`,`cooperative_id`),
  ADD KEY `cooperative_user_cooperative_id_foreign` (`cooperative_id`);

--
-- Indexes for table `diseases`
--
ALTER TABLE `diseases`
  ADD PRIMARY KEY (`id`);

--
-- Indexes for table `districts`
--
ALTER TABLE `districts`
  ADD PRIMARY KEY (`id`);

--
-- Indexes for table `failed_jobs`
--
ALTER TABLE `failed_jobs`
  ADD PRIMARY KEY (`id`),
  ADD UNIQUE KEY `failed_jobs_uuid_unique` (`uuid`);

--
-- Indexes for table `farmers`
--
ALTER TABLE `farmers`
  ADD PRIMARY KEY (`id`),
  ADD KEY `farmers_cooperative_id_foreign` (`cooperative_id`);

--
-- Indexes for table `farmer_diseases`
--
ALTER TABLE `farmer_diseases`
  ADD PRIMARY KEY (`id`),
  ADD KEY `farmer_diseases_farmer_id_foreign` (`farmer_id`),
  ADD KEY `farmer_diseases_disease_id_foreign` (`disease_id`);

--
-- Indexes for table `migrations`
--
ALTER TABLE `migrations`
  ADD PRIMARY KEY (`id`);

--
-- Indexes for table `model_has_permissions`
--
ALTER TABLE `model_has_permissions`
  ADD PRIMARY KEY (`permission_id`,`model_id`,`model_type`),
  ADD KEY `model_has_permissions_model_id_model_type_index` (`model_id`,`model_type`);

--
-- Indexes for table `model_has_roles`
--
ALTER TABLE `model_has_roles`
  ADD PRIMARY KEY (`role_id`,`model_id`,`model_type`),
  ADD KEY `model_has_roles_model_id_model_type_index` (`model_id`,`model_type`);

--
-- Indexes for table `password_reset_tokens`
--
ALTER TABLE `password_reset_tokens`
  ADD PRIMARY KEY (`email`);

--
-- Indexes for table `permissions`
--
ALTER TABLE `permissions`
  ADD PRIMARY KEY (`id`),
  ADD UNIQUE KEY `permissions_name_guard_name_unique` (`name`,`guard_name`);

--
-- Indexes for table `personal_access_tokens`
--
ALTER TABLE `personal_access_tokens`
  ADD PRIMARY KEY (`id`),
  ADD UNIQUE KEY `personal_access_tokens_token_unique` (`token`),
  ADD KEY `personal_access_tokens_tokenable_type_tokenable_id_index` (`tokenable_type`,`tokenable_id`);

--
-- Indexes for table `production`
--
ALTER TABLE `production`
  ADD PRIMARY KEY (`id`),
  ADD KEY `production_cooperative_id_foreign` (`cooperative_id`);

--
-- Indexes for table `provinces`
--
ALTER TABLE `provinces`
  ADD PRIMARY KEY (`id`);

--
-- Indexes for table `reported_diseases`
--
ALTER TABLE `reported_diseases`
  ADD PRIMARY KEY (`id`);

--
-- Indexes for table `reporters`
--
ALTER TABLE `reporters`
  ADD PRIMARY KEY (`id`),
  ADD KEY `reporters_farmer_id_foreign` (`farmer_id`);

--
-- Indexes for table `roles`
--
ALTER TABLE `roles`
  ADD PRIMARY KEY (`id`),
  ADD UNIQUE KEY `roles_name_guard_name_unique` (`name`,`guard_name`);

--
-- Indexes for table `role_has_permissions`
--
ALTER TABLE `role_has_permissions`
  ADD PRIMARY KEY (`permission_id`,`role_id`),
  ADD KEY `role_has_permissions_role_id_foreign` (`role_id`);

--
-- Indexes for table `sales`
--
ALTER TABLE `sales`
  ADD PRIMARY KEY (`id`),
  ADD KEY `sales_cooperative_id_foreign` (`cooperative_id`);

--
-- Indexes for table `sectors`
--
ALTER TABLE `sectors`
  ADD PRIMARY KEY (`id`);

--
-- Indexes for table `stocks`
--
ALTER TABLE `stocks`
  ADD PRIMARY KEY (`id`),
  ADD KEY `stocks_cooperative_id_foreign` (`cooperative_id`);

--
-- Indexes for table `users`
--
ALTER TABLE `users`
  ADD PRIMARY KEY (`id`),
  ADD UNIQUE KEY `users_email_unique` (`email`);

--
-- AUTO_INCREMENT for dumped tables
--

--
-- AUTO_INCREMENT for table `cells`
--
ALTER TABLE `cells`
  MODIFY `id` bigint(20) UNSIGNED NOT NULL AUTO_INCREMENT, AUTO_INCREMENT=2564;

--
-- AUTO_INCREMENT for table `cooperatives`
--
ALTER TABLE `cooperatives`
  MODIFY `id` bigint(20) UNSIGNED NOT NULL AUTO_INCREMENT, AUTO_INCREMENT=3;

--
-- AUTO_INCREMENT for table `cooperative_stocks`
--
ALTER TABLE `cooperative_stocks`
  MODIFY `id` bigint(20) UNSIGNED NOT NULL AUTO_INCREMENT, AUTO_INCREMENT=3;

--
-- AUTO_INCREMENT for table `diseases`
--
ALTER TABLE `diseases`
  MODIFY `id` bigint(20) UNSIGNED NOT NULL AUTO_INCREMENT, AUTO_INCREMENT=21;

--
-- AUTO_INCREMENT for table `districts`
--
ALTER TABLE `districts`
  MODIFY `id` bigint(20) UNSIGNED NOT NULL AUTO_INCREMENT, AUTO_INCREMENT=36;

--
-- AUTO_INCREMENT for table `failed_jobs`
--
ALTER TABLE `failed_jobs`
  MODIFY `id` bigint(20) UNSIGNED NOT NULL AUTO_INCREMENT;

--
-- AUTO_INCREMENT for table `farmers`
--
ALTER TABLE `farmers`
  MODIFY `id` bigint(20) UNSIGNED NOT NULL AUTO_INCREMENT, AUTO_INCREMENT=14;

--
-- AUTO_INCREMENT for table `farmer_diseases`
--
ALTER TABLE `farmer_diseases`
  MODIFY `id` bigint(20) UNSIGNED NOT NULL AUTO_INCREMENT;

--
-- AUTO_INCREMENT for table `migrations`
--
ALTER TABLE `migrations`
  MODIFY `id` int(10) UNSIGNED NOT NULL AUTO_INCREMENT, AUTO_INCREMENT=30;

--
-- AUTO_INCREMENT for table `permissions`
--
ALTER TABLE `permissions`
  MODIFY `id` bigint(20) UNSIGNED NOT NULL AUTO_INCREMENT, AUTO_INCREMENT=26;

--
-- AUTO_INCREMENT for table `personal_access_tokens`
--
ALTER TABLE `personal_access_tokens`
  MODIFY `id` bigint(20) UNSIGNED NOT NULL AUTO_INCREMENT;

--
-- AUTO_INCREMENT for table `production`
--
ALTER TABLE `production`
  MODIFY `id` bigint(20) UNSIGNED NOT NULL AUTO_INCREMENT;

--
-- AUTO_INCREMENT for table `provinces`
--
ALTER TABLE `provinces`
  MODIFY `id` bigint(20) UNSIGNED NOT NULL AUTO_INCREMENT, AUTO_INCREMENT=11;

--
-- AUTO_INCREMENT for table `reported_diseases`
--
ALTER TABLE `reported_diseases`
  MODIFY `id` bigint(20) UNSIGNED NOT NULL AUTO_INCREMENT, AUTO_INCREMENT=13;

--
-- AUTO_INCREMENT for table `reporters`
--
ALTER TABLE `reporters`
  MODIFY `id` bigint(20) UNSIGNED NOT NULL AUTO_INCREMENT, AUTO_INCREMENT=2;

--
-- AUTO_INCREMENT for table `roles`
--
ALTER TABLE `roles`
  MODIFY `id` bigint(20) UNSIGNED NOT NULL AUTO_INCREMENT, AUTO_INCREMENT=9;

--
-- AUTO_INCREMENT for table `sales`
--
ALTER TABLE `sales`
  MODIFY `id` bigint(20) UNSIGNED NOT NULL AUTO_INCREMENT, AUTO_INCREMENT=4;

--
-- AUTO_INCREMENT for table `sectors`
--
ALTER TABLE `sectors`
  MODIFY `id` bigint(20) UNSIGNED NOT NULL AUTO_INCREMENT, AUTO_INCREMENT=447;

--
-- AUTO_INCREMENT for table `stocks`
--
ALTER TABLE `stocks`
  MODIFY `id` bigint(20) UNSIGNED NOT NULL AUTO_INCREMENT, AUTO_INCREMENT=3;

--
-- AUTO_INCREMENT for table `users`
--
ALTER TABLE `users`
  MODIFY `id` bigint(20) UNSIGNED NOT NULL AUTO_INCREMENT, AUTO_INCREMENT=7;

--
-- Constraints for dumped tables
--

--
-- Constraints for table `cooperative_stocks`
--
ALTER TABLE `cooperative_stocks`
  ADD CONSTRAINT `cooperative_stocks_cooperative_id_foreign` FOREIGN KEY (`cooperative_id`) REFERENCES `cooperatives` (`id`) ON DELETE CASCADE;

--
-- Constraints for table `cooperative_user`
--
ALTER TABLE `cooperative_user`
  ADD CONSTRAINT `cooperative_user_cooperative_id_foreign` FOREIGN KEY (`cooperative_id`) REFERENCES `cooperatives` (`id`) ON DELETE CASCADE,
  ADD CONSTRAINT `cooperative_user_user_id_foreign` FOREIGN KEY (`user_id`) REFERENCES `users` (`id`) ON DELETE CASCADE;

--
-- Constraints for table `farmers`
--
ALTER TABLE `farmers`
  ADD CONSTRAINT `farmers_cooperative_id_foreign` FOREIGN KEY (`cooperative_id`) REFERENCES `cooperatives` (`id`) ON DELETE CASCADE;

--
-- Constraints for table `farmer_diseases`
--
ALTER TABLE `farmer_diseases`
  ADD CONSTRAINT `farmer_diseases_disease_id_foreign` FOREIGN KEY (`disease_id`) REFERENCES `diseases` (`id`) ON DELETE CASCADE,
  ADD CONSTRAINT `farmer_diseases_farmer_id_foreign` FOREIGN KEY (`farmer_id`) REFERENCES `farmers` (`id`) ON DELETE CASCADE;

--
-- Constraints for table `model_has_permissions`
--
ALTER TABLE `model_has_permissions`
  ADD CONSTRAINT `model_has_permissions_permission_id_foreign` FOREIGN KEY (`permission_id`) REFERENCES `permissions` (`id`) ON DELETE CASCADE;

--
-- Constraints for table `model_has_roles`
--
ALTER TABLE `model_has_roles`
  ADD CONSTRAINT `model_has_roles_role_id_foreign` FOREIGN KEY (`role_id`) REFERENCES `roles` (`id`) ON DELETE CASCADE;

--
-- Constraints for table `production`
--
ALTER TABLE `production`
  ADD CONSTRAINT `production_cooperative_id_foreign` FOREIGN KEY (`cooperative_id`) REFERENCES `cooperatives` (`id`);

--
-- Constraints for table `reporters`
--
ALTER TABLE `reporters`
  ADD CONSTRAINT `reporters_farmer_id_foreign` FOREIGN KEY (`farmer_id`) REFERENCES `farmers` (`id`) ON DELETE CASCADE;

--
-- Constraints for table `role_has_permissions`
--
ALTER TABLE `role_has_permissions`
  ADD CONSTRAINT `role_has_permissions_permission_id_foreign` FOREIGN KEY (`permission_id`) REFERENCES `permissions` (`id`) ON DELETE CASCADE,
  ADD CONSTRAINT `role_has_permissions_role_id_foreign` FOREIGN KEY (`role_id`) REFERENCES `roles` (`id`) ON DELETE CASCADE;

--
-- Constraints for table `sales`
--
ALTER TABLE `sales`
  ADD CONSTRAINT `sales_cooperative_id_foreign` FOREIGN KEY (`cooperative_id`) REFERENCES `cooperatives` (`id`);

--
-- Constraints for table `stocks`
--
ALTER TABLE `stocks`
  ADD CONSTRAINT `stocks_cooperative_id_foreign` FOREIGN KEY (`cooperative_id`) REFERENCES `cooperatives` (`id`);
COMMIT;

/*!40101 SET CHARACTER_SET_CLIENT=@OLD_CHARACTER_SET_CLIENT */;
/*!40101 SET CHARACTER_SET_RESULTS=@OLD_CHARACTER_SET_RESULTS */;
/*!40101 SET COLLATION_CONNECTION=@OLD_COLLATION_CONNECTION */;
